date,rolling_mae,rolling_rmse,rolling_r2,rolling_ic
2023-05-08,0.013478700069648481,0.0171779856739934,0.09951359631538315,0.510509774894377
2023-05-09,0.013557154831252517,0.017222857339351163,0.09472022439746175,0.5099164467214108
2023-05-10,0.013293408673847108,0.017033204974841395,0.0797670240325532,0.4804813318717783
2023-05-11,0.01320762291478656,0.016993439021423574,0.08208863743359385,0.4821273393387434
2023-05-12,0.013296851091834662,0.01708834409053351,0.08604673464794954,0.4646779784468101
2023-05-15,0.01344878173832751,0.017133915019235817,0.08860277997887755,0.466824829453052
2023-05-16,0.013762720592529672,0.017316039059893606,0.08758636555589117,0.4495845980791646
2023-05-17,0.013556923156563396,0.017202180242381168,0.08328790858549717,0.42696482399068736
2023-05-18,0.014101833128274281,0.017762076606445843,0.08661753187703825,0.4337551751156752
2023-05-19,0.014081643957363471,0.017760582451526365,0.0869138597307989,0.4379251826616091
2023-05-22,0.014098234263662893,0.017764294911191216,0.08673981900351646,0.4391849338627077
2023-05-23,0.01383919618605768,0.017430727355165015,0.09094652252963908,0.46007155119087717
2023-05-24,0.013920383920441147,0.017540663977162977,0.09551102482121976,0.4805180438021239
2023-05-25,0.014164434750316712,0.017642640424389386,0.08916678008664058,0.4592703468105037
2023-05-26,0.014081641026446079,0.017512801417445472,0.09137906335499124,0.4686676847723476
2023-05-29,0.013927068357775484,0.017458583476602785,0.09437993720377247,0.4724280310883758
2023-05-30,0.014011620548554532,0.01747162216866239,0.09407616244674366,0.4744311720693217
2023-05-31,0.013967981302048602,0.017448922515893497,0.09699977794102932,0.49129761859432897
2023-06-01,0.013707569360372906,0.01729098113072475,0.09700371387467288,0.48039182151694065
2023-06-02,0.01369575255383041,0.017271140893936218,0.10053054230566505,0.47885578048591665
2023-06-05,0.013637295089608854,0.017237161116182554,0.10069070823102366,0.4782779443643162
2023-06-06,0.013516566531793043,0.017202379013097315,0.10163784019843947,0.47473107213367327
2023-06-07,0.013640716192729533,0.01735992869838573,0.09874894010030488,0.46555824972138266
2023-06-08,0.01353206754155507,0.017335916988309236,0.09972084676787774,0.4696698787744305
2023-06-09,0.013688027836646242,0.017435195224132487,0.09342771289044349,0.44981544800561846
2023-06-12,0.014097160442960525,0.017865714036837343,0.08728818866351473,0.4366786039714173
2023-06-13,0.014121115584138921,0.017876293180546714,0.08508785424434173,0.42828349113048036
2023-06-14,0.014318831923810383,0.017953665711883834,0.08111577688857374,0.4040209638521889
2023-06-15,0.014725929528965153,0.018470026453551874,0.06547797552986734,0.3693342352526818
2023-06-16,0.014637494895266813,0.018453660097447824,0.06540923737268611,0.36715335916360536
2023-06-19,0.014600510878147668,0.018423733352802844,0.06486160320905099,0.36524562086984097
2023-06-20,0.01462448674381439,0.018430517519775876,0.06556474861954087,0.36481521820917334
2023-06-21,0.014704268131798478,0.01851534830217046,0.06548925637406011,0.3545702924315385
2023-06-22,0.01482238195847747,0.01856529580229601,0.0693302740724917,0.37254585968964365
2023-06-23,0.01433477865099147,0.018150723936789973,0.05658122760344453,0.32462754116162335
2023-06-26,0.013979974810434278,0.017816584543288366,0.06487896180428876,0.3523238642388982
2023-06-27,0.014081712551479608,0.017895186106462423,0.06677565034817057,0.3616872810533609
2023-06-28,0.013831042933837938,0.017566692478524933,0.05990361131051436,0.3307785423206818
2023-06-29,0.013669156294871093,0.017463784282562154,0.05850872404590535,0.32179123458572484
2023-06-30,0.01373786864578209,0.017474152157478426,0.057553269099102966,0.3174771950660773
2023-07-03,0.013505552122165521,0.01735137936865284,0.05548222894520949,0.30410240459419674
2023-07-04,0.013260746440522756,0.017083261565008414,0.036121893377798586,0.22510558613648513
2023-07-05,0.013263793860314656,0.0170848278098233,0.03423584036103111,0.21516348033171756
2023-07-06,0.013020144639207682,0.016900914652189923,0.03239342546324908,0.20513766218430896
2023-07-07,0.01277625043728321,0.016700797753549056,0.03344484842959072,0.21532083129136453
2023-07-10,0.012924831041000773,0.016746944001283813,0.0362886462654729,0.22473613289484085
2023-07-11,0.012668876608792153,0.016620448180442424,0.036475682028579315,0.22111306594539212
2023-07-12,0.012689179339044981,0.01662425306016583,0.03619136977015813,0.22149892132331164
2023-07-13,0.012316841981702025,0.016348767349032973,0.038174383402150625,0.2342370572372
2023-07-14,0.012412472410132274,0.016368896778510077,0.03598560832238129,0.22503263394929351
2023-07-17,0.012244044867489376,0.016258632744780205,0.032639357968300864,0.21464423679823083
2023-07-18,0.011962996389042227,0.01603344451567674,0.024380591195835244,0.19594972184929907
2023-07-19,0.012167181814591845,0.016271898286634327,0.02456200216724025,0.18879294034692262
2023-07-20,0.012087916146254065,0.016246313660676123,0.022946379392883576,0.18923852573668146
2023-07-21,0.011462383945161898,0.015281464546680022,0.02031273973953096,0.1546325039350273
2023-07-24,0.011761205847394615,0.015490105306758524,0.019684970142313074,0.16223245716458226
2023-07-25,0.011384912416795625,0.015141512643778448,0.03770060653438878,0.2290652262458881
2023-07-26,0.011580372711460868,0.01539723047823017,0.0287294902282601,0.21683100859006793
2023-07-27,0.011682745582628468,0.015507676267334106,0.010289684676450084,0.16675955541827428
2023-07-28,0.010962262105092642,0.014427775013191367,-0.009185739621301536,0.05495240876827976
2023-07-31,0.011132447926665045,0.014534129556782275,-0.00503497323418145,0.07930532690178108
2023-08-01,0.010993996053247206,0.014457359329947062,-0.0033415964764598183,0.10121988147557465
2023-08-02,0.011101990947903217,0.01451434494264829,0.001084372118103305,0.10346293290620441
2023-08-03,0.011528612482873686,0.01503728031347413,0.011804126249100877,0.1783147521601631
2023-08-04,0.011419991401509904,0.014910018726567323,0.01240811618164539,0.17344374271452767
2023-08-07,0.0113198392825136,0.014865041930615615,0.013746760572242334,0.1724813364736032
2023-08-08,0.011261682446595743,0.014795764965768609,0.027239544206628996,0.1951078773803607
2023-08-09,0.0113394286015802,0.014825723711142106,0.03204275197228856,0.2118702522305994
2023-08-10,0.010795737981785632,0.0141502562709514,0.03294024771236226,0.19665249901438747
2023-08-11,0.011041655004228422,0.014290097122936152,0.03115331840404023,0.1974758577607353
2023-08-14,0.011219477935600295,0.014411618488345055,0.02376023896390511,0.18119766063614454
2023-08-15,0.011265758413742326,0.014463797670020989,0.03127445630830328,0.19306326979474756
2023-08-16,0.010864784010883585,0.014067939381327074,0.017870449779585962,0.15354529627066732
2023-08-17,0.010789346501480787,0.014001239289124156,0.019026263655822273,0.1784780939317517
2023-08-18,0.010445217198320622,0.013633683201784607,0.01775046229713373,0.1572853910933809
2023-08-21,0.010604210335833981,0.013706560019480136,0.023166120556856296,0.16967576199639642
2023-08-22,0.010638284602803413,0.013722093744078857,0.019625333820336266,0.1547733533463106
2023-08-23,0.010682275379376641,0.01375121282527446,0.015281269334584735,0.13666501240404696
2023-08-24,0.010649624431059988,0.013747073395972321,0.016472798988961368,0.13930734538864964
2023-08-25,0.01038057150273609,0.013338036241700556,0.006245650627980659,0.09668170070761072
2023-08-28,0.010322549842070273,0.013309578008630552,0.009989871022849428,0.1094803318885326
2023-08-29,0.010541860226888546,0.013439422803192597,0.012322004498464434,0.12278280812624555
2023-08-30,0.010201373199215569,0.013042381617601859,0.01704713748262665,0.15242730840168328
2023-08-31,0.010395615930757217,0.013137378469657015,0.02381595564261707,0.16876173408854975
2023-09-01,0.010353208323816471,0.013090574321637896,0.037315087244856326,0.23340762902446688
2023-09-04,0.009882402595491875,0.01247464125232828,0.04701501553028331,0.241270929572976
2023-09-05,0.009854525196014478,0.012457255083469105,0.0511330805079353,0.24898923963934153
2023-09-06,0.009881627843429134,0.012487145868344533,0.06604392297805872,0.30183469691381765
2023-09-07,0.009302656812030444,0.011625452253953335,0.07943079326482849,0.3312623241534577
2023-09-08,0.00964031049292051,0.011937647797918654,0.07901717137682607,0.3385063482805578
2023-09-11,0.009768080416111467,0.012125020890693766,0.08637142659582175,0.36125450615928173
2023-09-12,0.009722568813635339,0.012107862509514329,0.08763453697106183,0.364402740258618
2023-09-13,0.00936440853131321,0.011769135737876104,0.09446216109707894,0.38819221228931733
2023-09-14,0.009467859307615201,0.01189579670056726,0.08382411447601046,0.3758383091330392
2023-09-15,0.00988039172946226,0.01235029483553816,0.06588056267866316,0.342139734081103
2023-09-18,0.00991876196663602,0.012373398102645497,0.06629309233158542,0.3417866179598969
2023-09-19,0.009871369872772814,0.012314173665895949,0.05127828807280821,0.32808718165587014
2023-09-20,0.010231588360548041,0.013066999263200875,0.029492531954581125,0.3380740783829124
2023-09-21,0.01044319311956748,0.01326988173003445,0.020086215586309852,0.35836990710547845
2023-09-22,0.01055514052055679,0.013337667699719565,0.03078719317402323,0.36226927544611565
2023-09-25,0.010593921433450691,0.013347538602187934,0.0321955820158748,0.3634808308175964
2023-09-26,0.010623452815554244,0.013374942431478173,0.053642777153307786,0.39099719387196236
2023-09-27,0.010600138780869033,0.013360689285889935,0.05425113829050665,0.39646365821896123
2023-09-28,0.010640038178911767,0.0133807250460495,0.04632325694648498,0.36413723803935666
2023-09-29,0.010653746562519217,0.013387771300581185,0.04467958642321446,0.3612516000382019
2023-10-02,0.010501621339505407,0.01332983360360378,0.03733802906762507,0.351860216259704
2023-10-03,0.010838074622051013,0.01359624279010803,0.019500845888435703,0.3219401495128682
2023-10-04,0.010891776866315235,0.013617299771429557,0.02309148314320908,0.3144409880109448
2023-10-05,0.010946280087827116,0.013627954449388217,0.02162411271741327,0.31793422645782077
2023-10-06,0.011078973354083591,0.013727811036555517,0.02196900982086958,0.33643144579198436
2023-10-09,0.011103124239845495,0.013738980989671247,0.017818331309292335,0.3481802423866364
2023-10-10,0.011127608809765495,0.013748316129380446,0.022498582011096224,0.3441593088103491
2023-10-11,0.010764978890141212,0.013370961515355885,0.002306908859812995,0.3416444502485891
2023-10-12,0.01072672051584666,0.013366032756693725,0.0048117673525374105,0.34226787572106276
2023-10-13,0.011210448155361716,0.014073334933383004,-0.027391432999773313,0.28249198061851927
2023-10-16,0.011255830615593038,0.014141112086893906,-0.008834775503237635,0.246485986203313
2023-10-17,0.011253590060371051,0.014140663319638628,-0.008366656072731127,0.24738566375865137
2023-10-18,0.01119356990600071,0.014038254956881154,0.02544102285651717,0.2835172123707358
2023-10-19,0.010900570998011483,0.013807774054122889,0.04649506386489222,0.3451264736068665
2023-10-20,0.011195997136287014,0.014013411422729893,0.05604288620693887,0.3603676804820661
2023-10-23,0.011097272415317357,0.013934330299869088,0.057783179670434226,0.3475031697767673
2023-10-24,0.011657282651200588,0.014742205590916203,0.04933328931840175,0.2881338177432566
2023-10-25,0.011525629267384615,0.014680151899072028,0.047912516408480044,0.28757820684018337
2023-10-26,0.01104588089745537,0.01413004236826898,0.03266622607389125,0.20261205161314802
2023-10-27,0.01100401172533407,0.014091384104296608,0.046546408267981954,0.254097080413399
2023-10-30,0.01103877734932701,0.014103034543639467,0.04587023305131299,0.2518482245111957
2023-10-31,0.010843893527102145,0.013963119824538026,0.04587699651453958,0.2487097498984125
2023-11-01,0.010718818402494206,0.013924663130028535,0.04442357452922863,0.24208453976102443
2023-11-02,0.010757890889438371,0.013932688667633673,0.043353004618967184,0.234160484084184
2023-11-03,0.010644625453829513,0.013834251839343463,0.03970406263915349,0.2193110989902061
2023-11-06,0.010604988363708844,0.013794217384266656,0.043733011260395416,0.23527204407231522
2023-11-07,0.010345370582094287,0.013607040516089502,0.04442609401856812,0.23428524900761977
2023-11-08,0.010751123582046353,0.014024871267857817,0.04044148184997698,0.2261577988055955
2023-11-09,0.010613673432227072,0.013965724000378047,0.042992178494240973,0.23336817459921383
2023-11-10,0.010849576139409808,0.014158832503140406,0.05000290609246971,0.2633368786580991
2023-11-13,0.01083510688046552,0.014147994303534433,0.04783055321069163,0.2556674264064068
2023-11-14,0.01128336303107133,0.014789971323612532,0.03124953763483218,0.18715657287203782
2023-11-15,0.011119396017585045,0.01472894247738104,0.03428901920806071,0.2007215433774226
2023-11-16,0.011350177375975384,0.014848898311944246,0.035441648553591665,0.21020933282012616
2023-11-17,0.011318712287679134,0.014824354620590908,0.038445551038993275,0.21942376742848924
2023-11-20,0.011283809702935708,0.014815529365052094,0.0362716953778911,0.21108770153149292
2023-11-21,0.011067438625038277,0.014698131949135966,0.033319443286763395,0.19938828769553885
2023-11-22,0.011092846727027325,0.014708479223138412,0.032770849745574204,0.19665377507267345
2023-11-23,0.010982581516132678,0.014641447604553914,0.028936190356376734,0.18215328044974763
2023-11-24,0.010847574208837992,0.014556821676857738,0.02043518917234244,0.1465525488006802
2023-11-27,0.010877108034865935,0.014563890006747295,0.02009080988213019,0.14514151942442902
2023-11-28,0.010915649591662854,0.014585295395565448,0.018996846723767447,0.14023922386661342
2023-11-29,0.010946006328865785,0.014617476798099684,0.010538382678623726,0.10914654847473063
2023-11-30,0.011139915837579749,0.014702022969720003,0.006643698942407905,0.08872861377549039
2023-12-01,0.011440210689967235,0.015303143972336886,0.0032700850581711682,0.06980454710076926
2023-12-04,0.011120590962739946,0.015052798227969911,-0.0016553481488699173,0.05089190489100157
2023-12-05,0.01120717573913676,0.015086124668281393,-0.004621633682063031,0.03995234266013881
2023-12-06,0.011278426845689958,0.015098793164913884,-0.001930921046754408,0.05505381151676771
2023-12-07,0.011053618029333172,0.01493642521443711,-0.007015521403849423,0.04416449924697444
2023-12-08,0.010914901602019276,0.014734733068023762,0.003911723455752636,0.09661761180932645
2023-12-11,0.010960078808614734,0.014765207582190826,0.00495900206062827,0.08959082407840499
2023-12-12,0.01086415259681781,0.014692746029429502,0.005578976073575603,0.1052928022020257
2023-12-13,0.010433677123194849,0.013959121734592775,0.00682531010531795,0.13564020262475426
2023-12-14,0.01021655552273684,0.013763951119708441,0.008740660039562642,0.15686011351758478
2023-12-15,0.010081281343946463,0.01369146587241452,0.011218086446292297,0.15129551545067615
2023-12-18,0.010063389686114428,0.013686208010687049,0.011478750149158223,0.1512346578075769
2023-12-19,0.009973314502209086,0.013616382732188993,0.007042413302060457,0.11820880993471858
2023-12-20,0.010151280924779701,0.013782819299299939,0.006370762696668253,0.10039716707273248
2023-12-21,0.01014420743411535,0.013778867538410556,0.012964462128687071,0.11895201587899579
2023-12-22,0.010153500402937311,0.01378397186423623,0.013106912733212628,0.1193207698316306
2023-12-25,0.010154341646568772,0.013784005385313809,0.012884954523787795,0.1184236241390574
2023-12-26,0.009872800109827155,0.013530284561039224,0.02046472103383412,0.1530471413074531
2023-12-27,0.009833060714990313,0.013513373549433803,0.022875201230779907,0.1574682570127839
2023-12-28,0.009774065467045632,0.013502331309965582,0.02301317474101039,0.15925136000045437
2023-12-29,0.009545741772358908,0.013376199367181643,0.017262558649743243,0.14484542997878574
2024-01-01,0.009444112171598218,0.013345564705380338,0.014910085009693708,0.14104135300098827
2024-01-02,0.009457337217964318,0.013351876953763685,0.019313581498239363,0.1573390317454388
2024-01-03,0.009474158232325098,0.013356582782393609,0.020317695384243772,0.16034845406987755
2024-01-04,0.009686022371964908,0.0134660653313984,0.02472114410158699,0.1842284096818289
2024-01-05,0.009300102736791993,0.012790091571309904,0.029295921672841563,0.24972876042677988
2024-01-08,0.00912466410957313,0.012552407843671988,0.04511036998771656,0.26587183698327094
2024-01-09,0.009272418198608667,0.012636848076568317,0.04516406964056163,0.28137629842926065
2024-01-10,0.008990316196104492,0.01232547454702129,0.03909325571813527,0.24458880489450735
2024-01-11,0.009074294558591862,0.012357331017767977,0.03952471247453948,0.23768159906948216
2024-01-12,0.008953139815198742,0.012210265317755774,0.035770210844761285,0.21923938320648695
2024-01-15,0.008870463738710038,0.012171259993728221,0.035747512552550154,0.21160048731370215
2024-01-16,0.008501443118563238,0.011342169481044736,0.06604208659034438,0.29420986238756974
2024-01-17,0.008522453673345103,0.011348863483321165,0.06718540573201259,0.3025301046551317
2024-01-18,0.008841019281798057,0.011672183292339223,0.0705125164364222,0.3312029694127587
2024-01-19,0.00872079098553783,0.011587768467077998,0.061722830609486135,0.29769610797146523
2024-01-22,0.008659268361317089,0.011566929633834617,0.06259848799647605,0.29795564615839987
2024-01-23,0.008665198426607406,0.011569188400135,0.06842855662296266,0.3130617396806617
2024-01-24,0.00870802114905628,0.011575922105834186,0.06911499116454434,0.3176701634561855
2024-01-25,0.00866918938207544,0.011566296680656386,0.07072138029021957,0.3273090352371225
2024-01-26,0.008836693387127491,0.01176292858860541,0.07523639572687368,0.34524067581457984
2024-01-29,0.009303028146912386,0.012779624647516006,0.06554563435614114,0.34072536614755294
2024-01-30,0.00969290742312198,0.013193492541426441,0.05949935062588829,0.309081374967929
2024-01-31,0.009420471716260426,0.012811597266132577,0.05876791368614631,0.3226075326136743
2024-02-01,0.009656040593499542,0.012975409078665174,0.04333641172500535,0.26493978544992136
2024-02-02,0.00944423117604365,0.012774139834885899,0.026946265415783266,0.21811281130086008
2024-02-05,0.00936469094570303,0.012725595893042235,0.032659900213117043,0.22261895764914685
2024-02-06,0.009344151750458534,0.01267132461785115,0.08229444832754218,0.3732535112785825
2024-02-07,0.009345937730760461,0.012671413141601503,0.08230951677474796,0.3713126773111634
2024-02-08,0.009161457579927637,0.012538580954964348,0.08025089439444799,0.36380507098375925
2024-02-09,0.009220167977745882,0.012596463735296532,0.08324658549272224,0.37767604419503625
2024-02-12,0.009184739405169517,0.012591857725813055,0.08382438051680297,0.3798657454598248
2024-02-13,0.0091690551025552,0.012590555994079648,0.08389488639932796,0.38117754316975966
2024-02-14,0.009182453490835397,0.012598164595289589,0.08343041172653598,0.3842597825108011
2024-02-15,0.009090196657311395,0.012577310108059854,0.08249070072292253,0.3829608682502735
2024-02-16,0.009193759825881895,0.0126447133621891,0.08502615304664207,0.3867346038153758
2024-02-19,0.009135093337116953,0.012632594704628262,0.08459787250253781,0.38705164847488943
2024-02-20,0.009214058273949288,0.01270502053095233,0.08879045257521334,0.39750699536322986
2024-02-21,0.009360438842660525,0.012942235581775678,0.08603109822061006,0.39058687778654394
2024-02-22,0.009278450891519222,0.01288032576514134,0.09204482134904757,0.41901159138828303
2024-02-23,0.00877345740850035,0.011906865426748556,0.10420684867188634,0.4534076735203752
2024-02-26,0.008975417537855994,0.012047805746515062,0.10045374631662574,0.4554963348392531
2024-02-27,0.008987663784784881,0.012056711986242854,0.10272300994113148,0.47392106447495086
2024-02-28,0.00910195932891882,0.012134667113064717,0.08789490495110586,0.4401909492755654
2024-02-29,0.00932600436383162,0.012332885585647328,0.09379779393684173,0.4508071990029532
2024-03-01,0.009306302724194722,0.012305989339879636,0.09665927417717801,0.45638496080620394
2024-03-04,0.009410579618753299,0.012427690495123012,0.08816313532051423,0.4298069101369575
2024-03-05,0.009302797890486726,0.012384121701321103,0.0839800522261499,0.4245851967320247
2024-03-06,0.009217705441844783,0.012322489339570374,0.07630374239787929,0.3949235170102796
2024-03-07,0.009275356771180843,0.01235834980493091,0.06837684724290272,0.3799125072537721
2024-03-08,0.009322183435402762,0.01237615479293815,0.06647951251915307,0.37425833389079116
2024-03-11,0.009413457998538426,0.0124219740797114,0.07144555281091047,0.3895019404881883
2024-03-12,0.009382575472804168,0.012404674543539747,0.07555343093790423,0.39889639455735265
2024-03-13,0.009152260437747934,0.01219416810430544,0.08539022494209891,0.42478805476587717
2024-03-14,0.009046933593167767,0.012156736630928765,0.08406644890160131,0.41739895423925255
2024-03-15,0.00928538731880665,0.012447523951995162,0.0729343140958334,0.38723002187074274
2024-03-18,0.009321795689555285,0.012452398126109123,0.07245740603351047,0.38788836045149583
2024-03-19,0.009707952278305398,0.01292251570951222,0.06840352433180308,0.4010545536568331
2024-03-20,0.009885355159212935,0.013057501445673848,0.06611941602014682,0.36943987626688063
2024-03-21,0.009916232657112846,0.013061484832691069,0.06593221116226,0.36355972459668273
2024-03-22,0.009953159601403593,0.013066240094406448,0.06496579392384905,0.36052657150135936
2024-03-25,0.01008770706295719,0.013117779234544187,0.06641746985820496,0.3604675072139321
2024-03-26,0.010327837975687714,0.013371100527333717,0.053283108898675824,0.34018672795632965
2024-03-27,0.010443168760675053,0.013437356252602369,0.0527360908138268,0.34589903143898576
2024-03-28,0.010248105053764245,0.013328997327608673,0.04154822233121913,0.3220614595357313
2024-03-29,0.010067389053324199,0.013247453899739518,0.039207966860382415,0.3288505548030226
2024-04-01,0.01009901058742569,0.013278097142683994,0.037112085611107126,0.32294751202132843
2024-04-02,0.009971388945796333,0.013202898643090369,0.027742681932502067,0.3121635480028671
2024-04-03,0.010056144490577243,0.013253232988759652,0.02804971053813754,0.30466285662069165
2024-04-04,0.01011784819433825,0.013295310330940887,0.037883087952528594,0.31573593393607546
2024-04-05,0.010214305187743935,0.013397718473952467,0.04062753674811537,0.31885870910210146
2024-04-08,0.010275756513148226,0.01342115745530886,0.039678820953944816,0.2962759538536777
2024-04-09,0.010126456178683813,0.013299748202557714,0.026581499544432785,0.2572525519009086
2024-04-10,0.01018123827038292,0.013323980974346315,0.030071466866166463,0.26604186652877243
2024-04-11,0.009972729123544528,0.013087393471048136,0.019712728604350582,0.24341535153183982
2024-04-12,0.009901416260364608,0.013074203485599081,0.021982188903273414,0.24541842100334643
2024-04-15,0.009915225127065988,0.013076833187589225,0.02153099830609151,0.2428222019743364
2024-04-16,0.009904037671342073,0.013073197965631259,0.01964228119893907,0.2373632021928317
2024-04-17,0.009997275200181772,0.013115220024590887,0.02103431980404047,0.236019903021404
2024-04-18,0.00999713369137508,0.013115201693040162,0.02140907942898984,0.23781286318373218
2024-04-19,0.00978415616524453,0.012913442466765535,0.02462168434005685,0.23350153402422033
2024-04-22,0.009299493765013371,0.011889364137771863,0.009119751507473906,0.22522123144068587
2024-04-23,0.00897659988168478,0.011452364712348003,0.033703078830671584,0.2677949270477343
2024-04-24,0.008933324723098667,0.011419232680808179,0.02540006428284014,0.26461274648586
2024-04-25,0.008859673032846876,0.01132972311918622,0.04324025837760215,0.3665806820450721
2024-04-26,0.008893265057731635,0.01135012602958973,0.04668889178268476,0.35488160737196767
2024-04-29,0.009025620752117164,0.011458821641639989,0.04698644982570954,0.32763059151424984
2024-04-30,0.00859087321623818,0.010677363366314809,0.03662414323829499,0.2362116245080844
2024-05-01,0.008587564959401285,0.010677182915013019,0.03658054369277486,0.23645101776196067
2024-05-02,0.008660832348368579,0.010716496370502504,0.032594650929681834,0.23265554134365524
2024-05-03,0.00844273837120214,0.010560511509071691,0.026006353084434886,0.2231076815132273
2024-05-06,0.008509526934069893,0.010576804082387389,0.023947796903488583,0.22213298876562537
2024-05-07,0.010707123107614788,0.020103718785870497,0.0006268518132355183,0.05335909596288027
2024-05-08,0.010597596325351863,0.02008045200710122,0.0002708907634628721,0.04536668024471918
2024-05-09,0.010682410715991878,0.02009152425470101,0.0011762677267392885,0.05016105944551813
2024-05-10,0.010803266609059396,0.020181194337792262,-0.000531212969263839,0.05519950219305637
2024-05-13,0.011138376802727907,0.020361452030999906,-0.0037470072105927343,0.04651288058949837
2024-05-14,0.011200466877485861,0.020409731792489595,-0.009644410767556622,0.03586903962947693
2024-05-15,0.011007481617174655,0.020225624315820905,-0.012303019483806521,0.03311570748208376
2024-05-16,0.011250147503096296,0.020399682491100746,-0.010093265698983833,0.028275261817273183
2024-05-17,0.011183441684719886,0.020377631895677567,-0.009572893165887386,0.027461677707565076
2024-05-20,0.011069307130524928,0.020315965442077998,-0.013158397461321636,0.030573303120631373
2024-05-21,0.01154808361853399,0.020862333636800012,-0.023021734404892635,0.024995863421734554
2024-05-22,0.011617109390219624,0.020907776135130427,-0.02538866728166611,0.06615665753264792
2024-05-23,0.011944405850690195,0.0213318363711678,-0.017960131753852027,0.007248841928646213
2024-05-24,0.012064451765738594,0.02144313215745768,-0.030690321040443003,-0.03247083792996327
2024-05-27,0.011774351977472909,0.021322949107754122,-0.03302353247414658,-0.007948557389476125
2024-05-28,0.011787888789687836,0.02132433779900473,-0.0333151379502068,-0.011718190618700632
2024-05-29,0.011752719934182275,0.021315529646444672,-0.03072593641439947,-0.014568067017689496
2024-05-30,0.011605535288103246,0.02128104539497438,-0.03262357820766204,-0.0064403597151069525
2024-05-31,0.011708049399206825,0.021325233755420062,-0.03687842223868021,0.002104878998524043
2024-06-03,0.01211931545678838,0.021732140243086027,-0.04334659226503357,-0.0005916524045989884
2024-06-04,0.01210754543702209,0.021729067002237312,-0.049481590084603955,-0.025455459743250763
2024-06-05,0.012132301797108598,0.0217348480890598,-0.05334778240159932,-0.028266334632165595
2024-06-06,0.012667767805226231,0.02215529273766894,-0.03465364915200686,0.03519041803983961
2024-06-07,0.012446884275092138,0.02199992523761835,-0.03990481210053054,0.031123305031140212
2024-06-10,0.012713887078298644,0.02213023851783137,-0.031849114492860764,0.05527772390925505
2024-06-11,0.012553054318950799,0.021968264059883776,-0.051520222106780755,0.016465099650805934
2024-06-12,0.01235148790712481,0.02188406402967429,-0.04504765943012812,0.01979360446321119
2024-06-13,0.012390024258716485,0.02189069675589677,-0.04616844917143448,0.015962290919990678
2024-06-14,0.01241151254359655,0.02189406810976799,-0.04526832101355538,0.01947840883292404
2024-06-17,0.01242992291659204,0.02190214221999638,-0.0457059958926338,0.018631090163956213
2024-06-18,0.012172675825726172,0.021743493941710375,-0.05630656353465646,0.019873097580764502
2024-06-19,0.012086908425066,0.021709594361930536,-0.05816235909909029,0.0239361593808493
2024-06-20,0.012261540781294,0.021764397337043464,-0.06355394026208949,0.023052430001125862
2024-06-21,0.012451139549335131,0.021818883969569016,-0.05539471470904456,0.04673922248856546
2024-06-24,0.012455102521015355,0.021821412116505314,-0.05303676127171153,0.06598458852731914
2024-06-25,0.012400686584063942,0.021815574666058025,-0.05479344805698916,0.06241881311846608
2024-06-26,0.012549441124351761,0.021916674542505826,-0.03906769914728647,0.09638722120743891
2024-06-27,0.014224787310978211,0.026177870616381015,0.010927243809253473,0.2413060519488436
2024-06-28,0.013943284944251462,0.026085026317532314,0.012578343303065731,0.23767743451319548
2024-07-01,0.013970760741213065,0.026093222456248753,0.015689923419914265,0.2587285154041581
2024-07-02,0.013918154507378969,0.02608352858653737,0.016114794130021926,0.25733392206355044
2024-07-03,0.01387401183893161,0.026073020878489717,0.01590336478860821,0.25564256449655826
2024-07-04,0.013815935562908725,0.026057454316905766,0.01619086061167374,0.25383090727130453
2024-07-05,0.01449907226547964,0.026596504837371804,0.010891435811057781,0.24695391753712725
2024-07-08,0.014931211462067355,0.026853097791389408,0.00767176676213277,0.2484488362874407
2024-07-09,0.01500159238173936,0.02686888277591669,0.005854584967766807,0.24763903105358423
2024-07-10,0.014975100635173858,0.026861088666148312,0.00602043927768825,0.2469563569743228
2024-07-11,0.015081707869665527,0.0268805010134767,0.008380743973727345,0.2537554307071425
2024-07-12,0.015248160387736468,0.026948116920201253,0.0038875981581717456,0.23779702285837767
2024-07-15,0.015627496161815548,0.027270567504977677,0.010748797782387687,0.24257611978124732
2024-07-16,0.015532905210609358,0.027259220652670405,0.010972474096495599,0.24004190540948298
2024-07-17,0.01543764780460438,0.027243143224026222,0.010410748975987594,0.24547656950904054
2024-07-18,0.015322187601823573,0.02720857984397288,0.01136009949079031,0.24452354290213046
2024-07-19,0.015289901345989374,0.02720035918598953,0.011934778482803665,0.25166298849174173
2024-07-22,0.015184595241489547,0.02716092929035053,0.013104805702538136,0.2580673182498152
2024-07-23,0.015105882995067647,0.027147911006534107,0.013348001491059858,0.2535236614044262
2024-07-24,0.015146826103598651,0.027150491999173677,0.013103396420752977,0.2533392179922399
2024-07-25,0.015188643164013357,0.02716464607942654,0.011046626896294987,0.25335831490104144
2024-07-26,0.01543948986654405,0.027243866539943807,0.007420919430891515,0.23304552377738696
2024-07-29,0.015682729073913684,0.02734971902454915,0.00829075524571976,0.22111095085351457
2024-07-30,0.013686072452144739,0.0214095745747068,0.034477291947162425,0.3236729785104226
2024-07-31,0.013753755913514182,0.021419097213634167,0.035489920326426616,0.3252678567441408
2024-08-01,0.013731264234265045,0.021414379917898036,0.03441880718332868,0.31555498179835584
2024-08-02,0.013663039855779918,0.02136168603628986,0.03422557847350294,0.3126717970844072
2024-08-05,0.013320613196364161,0.021189720838216755,0.03595557503423075,0.3227804899886834
2024-08-06,0.013388149165181993,0.02125254354202292,0.03713063565784236,0.33282325460051554
2024-08-07,0.013232631850653721,0.02118711185617913,0.03830500049648067,0.3421516908118566
2024-08-08,0.013267484280876785,0.021224740824412478,0.041380066955104766,0.36359280197681026
2024-08-09,0.013441382629123944,0.021306152394531614,0.04156785559611531,0.36609599899682593
2024-08-12,0.013364661973828188,0.02128717586593045,0.040962785421682524,0.36287337289615323
2024-08-13,0.012738625951885334,0.020718512409348622,0.039170998577982785,0.3502976023294297
2024-08-14,0.012503526542418845,0.020618787353569663,0.03554040847427342,0.3361386175218407
2024-08-15,0.012263703413197597,0.020266987124043276,0.042856473608715695,0.3703809687360117
2024-08-16,0.012125406554716122,0.02013498836834283,0.03945098409102421,0.35288362390181366
2024-08-19,0.012273516002882283,0.020168788652924177,0.039747310763216026,0.3577145160151041
2024-08-20,0.012453750137463943,0.0202401584282941,0.03924145809465762,0.3667079692189823
2024-08-21,0.012532797058159816,0.020266136382212942,0.03922651248376152,0.37253095660047997
2024-08-22,0.012544076408004052,0.02026664444357448,0.03935768900225323,0.37271462085128354
2024-08-23,0.012448271952472166,0.02022223606019195,0.03856961817886784,0.37057275398667233
2024-08-26,0.01218671139855062,0.019885841191278408,0.035328230281368334,0.3547355864084008
2024-08-27,0.012222077319438711,0.019897187829526153,0.03325020760793895,0.35139370724540303
2024-08-28,0.01222725611874586,0.01989874237917223,0.0313387388885199,0.3500045011499702
2024-08-29,0.01185799174262705,0.019482092255423522,0.03450436835478077,0.32904628389686547
2024-08-30,0.011875782960633253,0.019490707775252247,0.038128251784900535,0.36831077613299223
2024-09-02,0.011617052980389791,0.019343905987328797,0.037483077685021016,0.3424616260145554
2024-09-03,0.011473281230197542,0.019246536959901323,0.039579255905501376,0.3600776016629313
2024-09-04,0.011602710638527818,0.019293520188645653,0.041285719481245264,0.3805054152587146
2024-09-05,0.011559782051437532,0.019285429624846973,0.04082016329061888,0.3790937312901095
2024-09-06,0.011718607524924188,0.019358128879020893,0.047416110874660466,0.3970066998163992
2024-09-09,0.011653891733445656,0.019330647505998597,0.04668326794692368,0.39237622090227503
2024-09-10,0.011882390494773526,0.01947897028726006,0.04314633182832639,0.3817981702076666
2024-09-11,0.011829514731196873,0.019466946407492986,0.04302721799254283,0.37930355114678643
2024-09-12,0.01184990259319575,0.01948021345236944,0.04333015640950988,0.38063583925444056
2024-09-13,0.011684042510150887,0.019420738828244452,0.04340549426218865,0.37466791475340255
2024-09-16,0.011842778954974353,0.01957380639640368,0.04531357553924498,0.38054013368893574
2024-09-17,0.011915927824017734,0.019584650486587724,0.04487057370240766,0.3763155883145676
2024-09-18,0.011781546869913975,0.019479438733086458,0.044920053066559995,0.37045733627292027
2024-09-19,0.009975379100702987,0.013140866084970044,0.01638596770770362,0.25018689291640867
2024-09-20,0.010022759754511106,0.01314661556380884,0.01613691072267276,0.25181328348159865
2024-09-23,0.010119887376361202,0.013231456309418152,0.0007355910383781694,0.23020677881738746
2024-09-24,0.01047401403719762,0.013597163413361752,0.015981497139446965,0.2423072626677976
2024-09-25,0.010658872638230761,0.01373821991547029,0.013516376444652312,0.24971450574320164
2024-09-26,0.011188774904015701,0.014530803197280982,0.03155932644067949,0.2721682111271728
2024-09-27,0.010541042801772711,0.013522430823698745,0.04650205307336508,0.29724472619386116
2024-09-30,0.01009319767355431,0.013002496478388055,0.05166530862874219,0.29819627920965225
2024-10-01,0.010101147350790115,0.013007615475382043,0.05072712382311084,0.2901586156326955
2024-10-02,0.010018301411475588,0.012978132993082913,0.05026216461177613,0.2875476360877386
2024-10-03,0.009941672035067966,0.012943887189671524,0.048919584765260704,0.28090203827717924
2024-10-04,0.009940342726719505,0.012942255552368285,0.052248405069224346,0.30415575407547984
2024-10-07,0.009367948896112284,0.01215531888355174,0.05543405692049397,0.3026465824415469
2024-10-08,0.009403901894087135,0.012159788710549225,0.05503056881380597,0.30178539761029244
2024-10-09,0.00976291011614342,0.012523747212226835,0.05669927833088584,0.3221716645386559
2024-10-10,0.009784781975117047,0.01253307404310298,0.05456507275811673,0.31388076537780846
2024-10-11,0.009690960233511544,0.01250951984904792,0.05553967526541126,0.31512514114148715
2024-10-14,0.009696707916828641,0.012512823207807848,0.05843500026517967,0.3237165382648363
2024-10-15,0.009674828316534849,0.012510246703945242,0.057556450166246,0.32155816993228165
2024-10-16,0.009744903340824245,0.01253845714718942,0.05552652314223272,0.31123518183331356
2024-10-17,0.009752391545241126,0.012544828660384252,0.05103401333553648,0.28755790514844665
2024-10-18,0.009712714123924208,0.012497529148286567,0.054755950063119396,0.3184944716801498
2024-10-21,0.00952238571037953,0.012290736140054064,0.06156110636675627,0.34231058506404066
2024-10-22,0.00970636926900838,0.012559495755261031,0.055186349131751355,0.3215801184731026
2024-10-23,0.009634016525769337,0.012542935300729993,0.053283757793254005,0.3150545606880869
2024-10-24,0.009636398751138859,0.012543673816207248,0.05401037072202386,0.3225240326478767
2024-10-25,0.009852237137698823,0.0128990850037863,0.0390880859629662,0.28707632964640095
2024-10-28,0.009897189225979352,0.012905218128116387,0.03944374416280283,0.2885968509455318
2024-10-29,0.009593841218543571,0.012603982805988597,0.031176930051665774,0.28216449917040437
2024-10-30,0.009725360952154313,0.012689342519145908,0.02972496707894534,0.28847606282595567
2024-10-31,0.009481198021031407,0.012365492081392277,0.036241139599672456,0.2702115655454426
2024-11-01,0.009308849225135295,0.012225290061873931,0.03574224645829105,0.2536179752660949
2024-11-04,0.009330987003295408,0.0122318618431437,0.03372705179389435,0.2363705497497996
2024-11-05,0.009460901550908701,0.012276329835263276,0.031852043243634665,0.2383061101659524
2024-11-06,0.009702683680107958,0.012451697194608853,0.03803940394056449,0.24975777561643794
2024-11-07,0.009390135804150162,0.01211024128594912,0.05563232608353108,0.3129797010247392
2024-11-08,0.009271755443797951,0.011996503116525245,0.06311900576261331,0.3215588026268226
2024-11-11,0.00920884394653586,0.01195892322259746,0.060367318627824296,0.3042491315835451
2024-11-12,0.009332746807656585,0.012135050724342062,0.052098210930740074,0.27830634573418245
2024-11-13,0.00927505127033227,0.012100309985258986,0.05106810231602765,0.2725660804578763
2024-11-14,0.009459047098795628,0.012202836516301016,0.049900287405650334,0.277102336171111
2024-11-15,0.009360125205892085,0.012174088367922314,0.04943382511163108,0.279480364644972
2024-11-18,0.009108003906516282,0.011957164885271071,0.051744537336678054,0.307576391959358
2024-11-19,0.009097720898516513,0.011951027827765321,0.053147339964426665,0.2978253362744779
2024-11-20,0.009005158219407233,0.011925042673215775,0.05240924093056154,0.2906652478422244
2024-11-21,0.008936104586090666,0.011872419095788763,0.048815109435807025,0.29313704387066947
2024-11-22,0.008860210330853154,0.011823137305292448,0.045571650798039376,0.27929895634541396
2024-11-25,0.009029968750276467,0.01194239928198594,0.049858045202910484,0.28124688187746544
2024-11-26,0.009084128408619378,0.011989377649978667,0.04458054065050798,0.2580107790065304
2024-11-27,0.009065526092942358,0.011973354955380424,0.032845214104100684,0.21370275741860412
2024-11-28,0.009540494155863968,0.012614552191623654,0.012311456873375315,0.1684571402579782
2024-11-29,0.009488735807419952,0.012564987506267196,-0.0010069804721990483,0.15208097063315112
2024-12-02,0.009466356363179067,0.012555006412072217,0.0008943651490894711,0.16161524429435206
2024-12-03,0.009450862955783356,0.012531554760276864,0.008227205968984519,0.1875487875042388
2024-12-04,0.009827290815247663,0.012949179340316018,-0.003983067223729986,0.184708122523769
2024-12-05,0.009626908091044096,0.01283615131904608,-0.012637646593333107,0.17756699449935884
2024-12-06,0.00970431662309045,0.01286218315003777,-0.018829313424481242,0.17186503149439208
2024-12-09,0.009567202979849284,0.012653146954860145,-0.04053843428139836,0.19484322368915535
2024-12-10,0.010035278465913079,0.013342390813262559,-0.024432817571719445,0.140187106222144
2024-12-11,0.010019185672215944,0.01332938452841107,-0.036379950051139254,0.09886544669080928
2024-12-12,0.010021129677348035,0.013329838415573919,0.002807831781026726,0.20861390428390722
2024-12-13,0.010128021941280275,0.013379648806670114,0.004215035415935486,0.20321779301447002
2024-12-16,0.010286540672374563,0.013605107326716775,-0.018613800045449214,0.19549783366561332
2024-12-17,0.00988397912844574,0.013233120388139312,-0.010905851187231974,0.1861375982696869
2024-12-18,0.00966560642311642,0.013076685697002393,-0.009445904030130015,0.21129252853151392
2024-12-19,0.009324809660997717,0.012358122883445366,0.0001952515704816138,0.1772924488883045
2024-12-20,0.009586816657961223,0.012573859856112061,0.009052983552015226,0.1745545408212706
2024-12-23,0.010003082709886278,0.013043465370879501,-0.00343567033331027,0.16403935872411973
2024-12-24,0.009866945735659898,0.012996112948942047,0.0011079116044460102,0.16607142809114644
2024-12-25,0.009840880356949671,0.012993392128989563,0.0018404491004241352,0.1650953204623718
2024-12-26,0.00995313239843475,0.013052530660352444,-0.004178124890565016,0.16408796595801617
2024-12-27,0.009783107315826552,0.012911790547011063,0.004806426775479489,0.165697718433595
2024-12-30,0.009828118685175727,0.012916777483615685,0.0038894046964935702,0.16610618684587738
2024-12-31,0.009794525697739613,0.01291266175721312,0.0035458625009414657,0.16722862751605924
2025-01-01,0.009416063968634867,0.012558184300818478,-0.01240619410290722,0.15969086889387582
2025-01-02,0.009471155534255047,0.012591705533659535,-0.01811716894704607,0.16525814714895642
2025-01-03,0.0095912145446929,0.012629127504893723,-0.024210119371276262,0.161200407524853
2025-01-06,0.009568162229316921,0.012616944143671396,-0.02170797182855022,0.14980593963117939
2025-01-07,0.00970027267039959,0.012666898773872845,-0.020267653618127213,0.14258374703198204
2025-01-08,0.00962502713371736,0.012637835797801767,-0.017361854464240878,0.15469532437677927
2025-01-09,0.009533718669159943,0.012578765225987196,-0.00732458734779029,0.15941433421588133
2025-01-10,0.009310814108131914,0.01245322452347173,-0.0004388958024339473,0.1630471536431171
2025-01-13,0.009337470192529836,0.012471525448554824,-0.001065965357536669,0.16294089877571782
2025-01-14,0.009260158452908193,0.01233846241872394,0.01725531069781372,0.1713075083420532
2025-01-15,0.009298690355361926,0.012344263917975789,0.01602944919467386,0.16868336272292342
2025-01-16,0.009401721486228766,0.012402974983185423,0.02398193644549007,0.18258889983274598
2025-01-17,0.00941729942386744,0.012437955302594523,0.04018275979528951,0.21934235017683454
2025-01-20,0.009506031623468586,0.012479056616231875,0.0400381040041663,0.21327532287511144
2025-01-21,0.009577897721955823,0.012511961913360237,0.04133326854522823,0.2181254797307094
2025-01-22,0.009620184666996526,0.012557243312093421,0.0473271975826941,0.22195823725477234
2025-01-23,0.00984079692348654,0.012833705973334822,0.033843419935811414,0.20241291147298987
2025-01-24,0.00977010884103185,0.01281876547638686,0.0356938930357521,0.2046865818775831
2025-01-27,0.009701764249312843,0.01280679603996733,0.038670466088456146,0.21383284288204038
2025-01-28,0.00963049671471956,0.012773621116698615,0.04229364235753186,0.21686977648872693
2025-01-29,0.00948961961123389,0.01264063999638394,0.041874922359778854,0.21989501797206826
2025-01-30,0.009462737506549575,0.012633760661690691,0.029811068508762473,0.19502015935681866
2025-01-31,0.00936790239461025,0.012594785095551727,0.02628298779257976,0.1932471744188176
2025-02-03,0.009282734154696453,0.012576429706023344,0.0259862012916513,0.1962278824634322
2025-02-04,0.00958680221334005,0.013281140813259488,0.05324766533990066,0.23540113209590047
2025-02-05,0.00958040182397621,0.013278550914139391,0.052626468004818294,0.23224813369002253
2025-02-06,0.009463338245398578,0.013200927639390653,0.05297132163285245,0.23235971216945378
2025-02-07,0.00957004700575279,0.013231413456076594,0.05688666561879674,0.24172165217049085
2025-02-10,0.009613072767573762,0.01324476610246976,0.055203288130916794,0.23759300886861145
2025-02-11,0.009650596146007853,0.013267274433434928,0.053944385633770464,0.2346351188584545
2025-02-12,0.009864865220439159,0.013379889212897962,0.06048460788128407,0.25222800187259115
2025-02-13,0.010083554721956834,0.013599663973347375,0.06389133668460345,0.2600682300908847
2025-02-14,0.010182777423368298,0.013660763130103733,0.058624040634836616,0.24709777734949584
2025-02-17,0.010276622543412951,0.013771985439368613,0.05449826257016832,0.23774180544187729
2025-02-18,0.010105196780239606,0.013686313566439323,0.05856742018663963,0.24668572543785838
2025-02-19,0.010068168538415282,0.013662888372892123,0.06071327955338646,0.25246084934868956
2025-02-20,0.009684138006930737,0.013108468967816868,0.06975693969980623,0.28187595568771484
2025-02-21,0.009554571588380679,0.013042906980873048,0.06110041940472355,0.2669454093971005
2025-02-24,0.009579997388669279,0.013054000319082095,0.06280738143296372,0.2716066557634257
2025-02-25,0.009368664093496461,0.01285528147095926,0.05017838513522366,0.2555444271051931
2025-02-26,0.009028029029019434,0.012445769721271219,0.044467977634699785,0.25938209821161595
2025-02-27,0.009019413247111653,0.012445075850226826,0.045511374610670896,0.260070277543868
2025-02-28,0.009124727520099478,0.012527755260131357,0.045673243977698785,0.27802619275150553
2025-03-03,0.008878698149375527,0.012370535261011208,0.028143151231945218,0.25791441337420373
2025-03-04,0.008335247053029661,0.011605403227632996,0.0610647094474458,0.30050430805456557
2025-03-05,0.008441085415963974,0.011727607450781956,0.061678948438439685,0.30799541938938974
2025-03-06,0.008455463351567454,0.011732022468047954,0.03499480414817746,0.2693523544178651
2025-03-07,0.00830619537576927,0.011668849207541597,0.04138123888695544,0.27407633859160524
2025-03-10,0.007979118804767048,0.011265732734644304,0.042783265944016824,0.30717821536882256
2025-03-11,0.008107787597418196,0.011313408645933123,0.03397613838146041,0.30020566052990855
2025-03-12,0.00819171522827507,0.011353326241858138,0.02428405967802494,0.2921080711130645
2025-03-13,0.008102718410145891,0.011243675709407453,0.0270468523175168,0.2899810093190992
2025-03-14,0.007927346867490744,0.011041215130011408,0.029248135630045802,0.2760691087291263
2025-03-17,0.007572651853669353,0.010504639607734229,0.029647254318628025,0.32116239960319154
2025-03-18,0.007671802475555685,0.010536861947858795,0.0355100384980126,0.3230426976668006
2025-03-19,0.0077400407633565925,0.010553826404704047,0.03211125695140138,0.3211361313085268
2025-03-20,0.007978133582132167,0.010938703158240071,-0.008503300297977967,0.1805399766615068
2025-03-21,0.008374654450452261,0.01155707448212165,-0.035843758612579935,0.13858461799034524
2025-03-24,0.008384748890224395,0.011559767851110238,-0.039501819299288865,0.14070926447446652
2025-03-25,0.008613127559006065,0.01170555610114169,-0.049917591686970963,0.13661767810073952
2025-03-26,0.008606324321454806,0.011705340828638493,-0.04798563654797938,0.14005133435880437
2025-03-27,0.008537857063918087,0.011662856033361627,-0.0489125235961505,0.14748960452628682
2025-03-28,0.008613715620457546,0.011726477517936611,-0.05226747054312786,0.1780518533295092
2025-03-31,0.008555058390858232,0.011705349021066147,-0.04797403982815873,0.18160575609562452
2025-04-01,0.008533273880875223,0.011690283170087905,-0.03098309620596229,0.1900415875463638
2025-04-02,0.008495376679683886,0.01168544353021089,-0.028954283466885666,0.18934323459722283
2025-04-03,0.009140802977541366,0.01298219066405067,-0.03492453601649137,0.2134704596787051
2025-04-04,0.009155203854350613,0.012983071341824368,-0.035790052262515415,0.2141307629389572
2025-04-07,0.009131590856507943,0.012967334275206207,-0.05106327545936784,0.2126536772711844
2025-04-08,0.008903550101118285,0.01275116262226775,-0.03615990335482233,0.20540213289875617
2025-04-09,0.009197079102111832,0.01302041342525665,0.026189616702835372,0.315424295692011
2025-04-10,0.009103584294637665,0.01296762174314819,0.026219414785897954,0.28987672032252804
2025-04-11,0.00885645387473052,0.01256214943431275,-0.02063150162243499,0.2530527010357041
2025-04-14,0.008916499526445715,0.01261097284517531,0.0027528612807231623,0.2702205164882069
2025-04-15,0.008945216048644166,0.01263085632529095,-0.01340373518206217,0.2623963382437423
2025-04-16,0.008717751128512792,0.012488380854722371,-0.009191383799731279,0.25102272397870073
2025-04-17,0.008385025146474911,0.012149520788154147,-0.021912527842492757,0.27941926864113004
2025-04-18,0.008384761856448526,0.012149508167339668,-0.022033064817806425,0.2816948070712037
2025-04-21,0.008391109815652064,0.012149708826696321,-0.029357671281659448,0.2687342539118114
2025-04-22,0.008327919109979908,0.012139718401164835,-0.027047362068371328,0.26644953239599256
2025-04-23,0.008358820660622223,0.012161832950387051,-0.009539711824963382,0.2716145267041149
2025-04-24,0.008443196260638363,0.012196187005648744,-0.01865023247258768,0.2676336865414693
2025-04-25,0.00873374735626861,0.012456784619002504,-0.035033436658532535,0.2685469624936651
2025-04-28,0.008882427881872263,0.01251178002543482,-0.043685029726318936,0.2671897233225218
2025-04-29,0.008396771673124904,0.011520925146042232,-0.050202936397202746,0.2254181762696953
2025-04-30,0.008416856856423209,0.011531004703066994,-0.05117854527129895,0.2256259410324092
2025-05-01,0.008338645256693249,0.011511176432367485,-0.05935195867675036,0.2222491021747416
2025-05-02,0.008406552498418023,0.011564231321126132,-0.04728185665603468,0.20595788430313688
2025-05-05,0.00833804184936893,0.011544404622560124,-0.04368742959236327,0.20594650882215104
2025-05-06,0.008240003307354856,0.011492176498639857,-0.03667070574986431,0.2113249920305996
2025-05-07,0.008266249644690894,0.011524602498201697,-0.025440155544498744,0.18147947469192505
2025-05-08,0.007991258934638638,0.01123785820256103,-0.044559465076796645,0.1775418780321201
2025-05-09,0.0082596645401987,0.011692537066019328,-0.04534871854207356,0.19306938775777388
2025-05-12,0.008623576947464668,0.012591351048829913,0.006427813512783764,0.1999621936986496
2025-05-13,0.008799230086582161,0.01268846282091816,0.019714279531987566,0.21823423803251588
2025-05-14,0.008677512437892663,0.012651105411143213,0.01939243834054738,0.22760203641142776
2025-05-15,0.008759757459563944,0.012717703005697389,0.032857359685581344,0.2412939390804195
2025-05-16,0.008785948512487535,0.01272494016016065,0.03170278414719896,0.23963388241984537
2025-05-19,0.008837749086848031,0.012757504971709124,0.027859610314915684,0.2324200739086611
2025-05-20,0.008815260356611638,0.012748393905226295,0.02919226317591872,0.23519477233071873
2025-05-21,0.008837622036311589,0.01275831859912657,0.027738974329454935,0.22856604739499917
2025-05-22,0.00883068439055576,0.012758027302478027,0.026688128729421723,0.2258381658577804
2025-05-23,0.008727661063780479,0.012678062770077495,0.02061007043915697,0.2023657006740579
2025-05-26,0.008788270441846772,0.012689496609334149,0.01947418610534868,0.2029230081358269
2025-05-27,0.00928422862214922,0.01327974547338099,-0.002334543067222139,0.16936826422082346
2025-05-28,0.009094909512892962,0.013122479253770043,-3.778332524340122e-05,0.16345550781153045
2025-05-29,0.009173683822546214,0.013160821035639507,-0.00017934343927961116,0.16854823940222294
2025-05-30,0.009465105779520247,0.013363344696434213,-0.005759326460399894,0.17326335083331523
2025-06-02,0.009414727427879072,0.013352748613450718,-0.00797925157500079,0.17516985433224327
2025-06-03,0.009533939999539122,0.013456087753528355,0.0030466281059805533,0.17448322288535623
2025-06-04,0.009600022063360757,0.013504572850527728,0.0047429467448120155,0.1840895789069728
2025-06-05,0.010454585940611912,0.01566585719772369,0.006037252875163324,0.10724676721581877
2025-06-06,0.010484945730020472,0.015682346806260142,0.010250474005478516,0.11419463854507168
2025-06-09,0.010444130687611018,0.015670808396718233,0.0072599445748469105,0.10384046563918721
2025-06-10,0.010446007579633846,0.015671580881719202,0.00452771963407228,0.09969587930488906
2025-06-11,0.010486790210161807,0.01568690700704601,0.004081249051248181,0.09921032562808976
2025-06-12,0.010113850225326463,0.015366831905719108,0.02142423027530127,0.18874166991834154
2025-06-13,0.00998032393054642,0.015144244858235694,0.035234554759356995,0.21432464335384996
2025-06-16,0.00992588207510537,0.015137939688540072,0.03539326549258892,0.21326464068118892
2025-06-17,0.01017782785436297,0.01549709597029357,0.03800071793203941,0.23215273715459936
2025-06-18,0.010218120853190925,0.015500670825927038,0.03798749029130022,0.23141300216999106
2025-06-19,0.010146161771475322,0.015486564101170528,0.03626227204282351,0.2259428870213254
2025-06-20,0.010216248132419675,0.015550634313713813,0.03780590770975922,0.2343857570784043
2025-06-23,0.010217586179325326,0.015550849469048542,0.0367208279103004,0.23224926075236013
2025-06-24,0.010110213912233866,0.015521717003150519,0.03539756774594527,0.23018808871583998
2025-06-25,0.01021205069603811,0.015544078753597822,0.03515381213484747,0.23332796329639324
2025-06-26,0.009481815771235396,0.014461789350782647,0.03428977275453138,0.20345810304565587
2025-06-27,0.0096015918919427,0.014501648689692543,0.03419768608033169,0.20678692230920387
2025-06-30,0.009500469342841796,0.014467402322549634,0.034042601309151155,0.20297307275940918
2025-07-01,0.009556869824540766,0.014494824325077765,0.03324028146543567,0.20552760589507135
2025-07-02,0.009498446267771807,0.014418552602697613,-0.0025372986505511896,0.051777869107551715
2025-07-03,0.00949065686102955,0.014416230202969383,0.001560425283785194,0.06967583049682334
2025-07-04,0.009318507216907546,0.014315989375896192,0.005091077659708398,0.08288196043911958
2025-07-07,0.009399949071158577,0.014398121945803305,0.001939131931345095,0.08671834390272527
2025-07-08,0.009272070224604691,0.014346837567726691,0.0034720142844674173,0.08844247572514045
2025-07-09,0.009529231496510056,0.014502967395177025,0.007371113763090076,0.12318074703098225
2025-07-10,0.009555521571287619,0.014509044202110303,0.006974608272611871,0.1229827017503776
2025-07-11,0.009556155266913665,0.014509070123713221,0.007150321228559076,0.12268799436423634
2025-07-14,0.009580518982164409,0.014511261993551315,0.007026683662447741,0.11900683389785864
2025-07-15,0.009755188457194199,0.014574491336284441,0.008608873618917157,0.1178866705155065
2025-07-16,0.009609219618660741,0.014521879544124242,0.004237958705039513,0.10408628716342268
2025-07-17,0.009503418184947904,0.014490400636823093,0.007834141376785841,0.1193220638698283
2025-07-18,0.009265611440237345,0.014281487363012949,0.010524556706224764,0.1135897587432654
2025-07-21,0.009207311972745307,0.014251536748881653,0.013933512260751124,0.12482381161547323
2025-07-22,0.009117084408835125,0.014205627576220896,0.014455960039277405,0.12409990698853382
2025-07-23,0.009131695260204069,0.014212645608161323,0.017219402128154426,0.1376273944304038
2025-07-24,0.009163365454941418,0.014216042472820834,0.019005133400050278,0.14524680878937454
2025-07-25,0.009313153291595887,0.014378900950450526,0.018998365319512156,0.14658195650003925
2025-07-28,0.00941518296404995,0.014409729925796205,0.019547068929982814,0.14952107388601987
2025-07-29,0.009479075783335384,0.01443237775796615,0.019274446208160878,0.14839944261992347
2025-07-30,0.009283619718976809,0.01430803669536543,0.020714722783986117,0.15453562460768042
2025-07-31,0.009228200914143744,0.014300460914320873,0.020416717801064466,0.15318882641129664
2025-08-01,0.00887587077638209,0.013877730161699743,0.02361475004275082,0.16551040088908717
2025-08-04,0.00852161127814122,0.013081990646529129,0.014035810462114107,0.13886988819739493
2025-08-05,0.00836792890743191,0.012991843169279982,0.005779747527325796,0.11003139104516081
2025-08-06,0.008541746161847892,0.013064576014956905,0.011588472033108532,0.12695867313598952
2025-08-07,0.009070148799442108,0.014173842813732606,0.029021048171320563,0.19606428310625765
2025-08-08,0.009152659750025912,0.014213234942389453,0.02781414725570941,0.18762149623400165
2025-08-11,0.009156578383255887,0.014215903894852595,0.02776955462441888,0.1874335849441069
2025-08-12,0.009130167642892735,0.014209028750236087,0.027752628272786017,0.18517513642010253
2025-08-13,0.009070769869124253,0.014189999111286532,0.031098391706568917,0.20471539055107738
2025-08-14,0.009073670376707626,0.014190083852009682,0.031099532486682624,0.20521482052688877
2025-08-15,0.009144335949489072,0.01423433989675343,0.03283636111733479,0.21692838386211324
2025-08-18,0.009345153720446382,0.014378018180172479,0.026862811856491975,0.18978159196409713
2025-08-19,0.009011696133352832,0.013898567810914926,0.035127515147365895,0.22025867749841657
2025-08-20,0.009104263874100018,0.013952169540477519,0.0339688117239737,0.2143689014608079
2025-08-21,0.009028059767562381,0.013916767403444837,0.03230329534122811,0.20697650487406877
2025-08-22,0.009108257891700423,0.014033634536130487,0.04206032476245647,0.2614998183729868
2025-08-25,0.009198536160926368,0.01405938531763204,0.04271753830924585,0.26171696727666144
2025-08-26,0.009201590285649755,0.014062705853433667,0.04382959918988161,0.2559772473394128
2025-08-27,0.009068610309247462,0.01398795702876012,0.04246726716478033,0.25106046826323647
2025-08-28,0.008117762953195221,0.011445832062215219,0.08488266322832005,0.39368254869504626
2025-08-29,0.008104286467756064,0.011435207175946116,0.08132531186862035,0.3915531779851943
2025-09-01,0.00807615558768802,0.0114293917026863,0.08174366395977628,0.39527641570131383
2025-09-02,0.008061074515927028,0.011421400961524296,0.08334629662836412,0.40061018119715724
2025-09-03,0.008027213015177982,0.011403301998830816,0.08593874566832493,0.4079515951900391
2025-09-04,0.008128390123606496,0.011449108237895371,0.08174231243934782,0.39580215326870904
2025-09-05,0.00784714166998628,0.011125493179371369,0.08504517383647792,0.4186292107194812
2025-09-08,0.007970841109290716,0.011168010349035265,0.08197924062294892,0.41995422463675874
2025-09-09,0.007575717792536315,0.010529165537496568,0.091104362573735,0.40681945046985557
2025-09-10,0.007914861294759178,0.010932384651394947,0.07512718301808918,0.3806987650517205
2025-09-11,0.00812554173070903,0.01107024854818435,0.07899468641361007,0.38537011163859547
2025-09-12,0.008202714899727204,0.011199192196605487,0.07553035098776806,0.3810861181737665
2025-09-15,0.00816111863562425,0.011194389488226233,0.07630111673018891,0.38110711726229635
2025-09-16,0.00818671509238831,0.011198417795109562,0.07679478125677652,0.3815071486829671
2025-09-17,0.00810887703897216,0.011169668903599881,0.07889423373757243,0.3800163803497337
2025-09-18,0.00816660669312764,0.011180315237493115,0.07748460583768924,0.37970559492445455
2025-09-19,0.008128816925378129,0.011155685411127648,0.07502507898657707,0.3686455271280026
2025-09-22,0.008145424284957655,0.011159212904855005,0.07506106938674473,0.37355524553330904
2025-09-23,0.008099567270074735,0.011128939235401017,0.07642294549738016,0.37568099631805674
2025-09-24,0.00788703103638583,0.010921820298092026,0.07702433501139083,0.3973506062456618
2025-09-25,0.00792268512199457,0.010938568820163416,0.07262332408705618,0.3809263352410718
2025-09-26,0.008146677920509026,0.011139862580704884,0.06561268694975608,0.3742376284952251
2025-09-29,0.007981565735399355,0.010961030008900044,0.0620448246733275,0.34851295922511755
2025-09-30,0.008189404438989729,0.011114730592918579,0.06361063959558355,0.33791043134250204
2025-10-01,0.007917826165953672,0.010909414300192703,0.058304397191811574,0.30432065508518025
2025-10-02,0.007937191304493774,0.010917794170039628,0.057885843415434124,0.2945475606770275
2025-10-03,0.008108223115066602,0.011007400231554968,0.05932470495322517,0.29610254799657953
2025-10-06,0.008459599427854807,0.01140183326986473,0.060664128986713806,0.3226608578155808
2025-10-07,0.008452246340929155,0.011395199193698443,0.06375292256330689,0.34757959888436235
2025-10-08,0.00883386949419075,0.011800364909007082,0.04727295092817019,0.31430564881811907
2025-10-09,0.008866774772780882,0.011806300406547636,0.04671701378825288,0.3147968630661468
2025-10-10,0.008932468338763716,0.0118478185058744,0.052811878271517565,0.3463315230781328
2025-10-13,0.008874060410746416,0.01182893190934217,0.04817622979236924,0.3372075659168461
2025-10-14,0.008894301559686991,0.011837724204915282,0.04409400106297656,0.33702010252506215
2025-10-15,0.008912406493864855,0.011849657737346463,0.03380594823364291,0.32541468878701946
2025-10-16,0.00893433842561458,0.011855454398107784,0.03411315232015888,0.32155761559973844
2025-10-17,0.008699348976102417,0.01159513805049351,0.022333594389919664,0.32912661643951535
2025-10-20,0.008589895343825897,0.01155611866034179,0.02521790304141258,0.32344910984558906
2025-10-21,0.008555820939210606,0.011538394799340951,0.027357503383588222,0.32751926010944193
2025-10-22,0.00872948995235623,0.011665453327573353,0.03224979598984845,0.3280650712399889
2025-10-23,0.008851992544195135,0.011707047467804939,0.03791185555814813,0.3391215970003672
2025-10-24,0.008874519515543937,0.01172052890183002,0.041174799274519724,0.33267750032608484
