Date,suzb3
2020-01-02,36.39265441894531
2020-01-03,36.26774978637695
2020-01-06,36.205291748046875
2020-01-07,36.66923522949219
2020-01-08,38.498233795166016
2020-01-09,38.40009689331055
2020-01-10,38.462547302246094
2020-01-13,39.881141662597656
2020-01-14,39.479652404785156
2020-01-15,40.09526443481445
2020-01-16,39.524261474609375
2020-01-17,39.06031799316406
2020-01-20,38.31979751586914
2020-01-21,38.09674835205078
2020-01-22,40.01496887207031
2020-01-23,39.6580924987793
2020-01-24,39.140621185302734
2020-01-27,36.51756286621094
2020-01-28,37.15994644165039
2020-01-29,36.59785842895508
2020-01-30,36.14284133911133
2020-01-31,35.393394470214844
2020-02-03,35.24172592163086
2020-02-04,34.697479248046875
2020-02-05,34.26030731201172
2020-02-06,34.70640182495117
2020-02-07,33.582237243652344
2020-02-10,33.011234283447266
2020-02-11,34.34060287475586
2020-02-12,35.68781661987305
2020-02-13,36.847679138183594
2020-02-14,35.51830291748047
2020-02-17,35.68781661987305
2020-02-18,35.777042388916016
2020-02-19,35.83949661254883
2020-02-20,35.857337951660156
2020-02-21,36.954734802246094
2020-02-26,34.438743591308594
2020-02-27,34.01941680908203
2020-02-28,34.0283317565918
2020-03-02,35.375553131103516
2020-03-03,35.63428497314453
2020-03-04,38.846195220947266
2020-03-05,38.02537536621094
2020-03-06,35.71458435058594
2020-03-09,33.858821868896484
2020-03-10,34.670719146728516
2020-03-11,31.637250900268555
2020-03-12,26.533893585205078
2020-03-13,28.175533294677734
2020-03-16,25.311586380004883
2020-03-17,24.981475830078125
2020-03-18,21.96585464477539
2020-03-19,24.383705139160156
2020-03-20,24.43723487854004
2020-03-23,25.69523048400879
2020-03-24,25.784452438354492
2020-03-25,26.18593978881836
2020-03-26,25.026084899902344
2020-03-27,29.326465606689453
2020-03-30,30.325725555419922
2020-03-31,31.93167495727539
2020-04-01,33.35026931762695
2020-04-02,35.59859848022461
2020-04-03,35.509376525878906
2020-04-06,35.70566177368164
2020-04-07,33.18075180053711
2020-04-08,33.86774444580078
2020-04-09,31.583723068237305
2020-04-13,32.44915008544922
2020-04-14,33.9034309387207
2020-04-15,33.21643829345703
2020-04-16,32.27963638305664
2020-04-17,31.976285934448242
2020-04-20,31.155466079711914
2020-04-22,31.414199829101562
2020-04-23,32.61866760253906
2020-04-24,34.9116096496582
2020-04-27,35.777042388916016
2020-04-28,34.48335647583008
2020-04-29,34.545814514160156
2020-04-30,35.16142654418945
2020-05-04,36.1339225769043
2020-05-05,37.115333557128906
2020-05-06,37.356224060058594
2020-05-07,40.157718658447266
2020-05-08,42.24545669555664
2020-05-11,42.468505859375
2020-05-12,43.31609344482422
2020-05-13,45.13616943359375
2020-05-14,42.41497802734375
2020-05-15,40.175559997558594
2020-05-18,36.7406120300293
2020-05-19,37.25808334350586
2020-05-20,35.91086959838867
2020-05-21,34.33168411254883
2020-05-22,34.44767379760742
2020-05-25,33.63576889038086
2020-05-26,33.79636764526367
2020-05-27,34.26923370361328
2020-05-28,34.2246208190918
2020-05-29,33.778526306152344
2020-06-01,34.30491638183594
2020-06-02,34.27814865112305
2020-06-03,34.01941680908203
2020-06-04,35.553993225097656
2020-06-05,34.171085357666016
2020-06-08,34.046180725097656
2020-06-09,34.05509948730469
2020-06-10,34.01941680908203
2020-06-12,33.02015686035156
2020-06-15,34.34060287475586
2020-06-16,33.992645263671875
2020-06-17,34.70640182495117
2020-06-18,35.28633117675781
2020-06-19,35.24172592163086
2020-06-22,34.786705017089844
2020-06-23,33.93911361694336
2020-06-24,34.438743591308594
2020-06-25,33.97480392456055
2020-06-26,33.79636764526367
2020-06-29,33.66253662109375
2020-06-30,32.823875427246094
2020-07-01,33.13614273071289
2020-07-02,32.85063934326172
2020-07-03,33.25212860107422
2020-07-06,32.92201232910156
2020-07-07,32.28855514526367
2020-07-08,32.25286865234375
2020-07-09,32.53837203979492
2020-07-10,32.725730895996094
2020-07-13,32.172569274902344
2020-07-14,32.7078857421875
2020-07-15,34.66179656982422
2020-07-16,34.55473709106445
2020-07-17,35.553993225097656
2020-07-20,35.901947021484375
2020-07-21,36.1339225769043
2020-07-22,35.24172592163086
2020-07-23,36.348045349121094
2020-07-24,37.739871978759766
2020-07-27,37.17778778076172
2020-07-28,37.47221374511719
2020-07-29,37.017189025878906
2020-07-30,37.66849136352539
2020-07-31,37.47221374511719
2020-08-03,38.4447021484375
2020-08-04,37.5435905456543
2020-08-05,40.39860916137695
2020-08-06,41.32649612426758
2020-08-07,41.20158386230469
2020-08-10,42.25437545776367
2020-08-11,41.84397506713867
2020-08-12,42.13839340209961
2020-08-13,42.53095626831055
2020-08-14,45.04695510864258
2020-08-17,45.484130859375
2020-08-18,46.394168853759766
2020-08-19,45.17185974121094
2020-08-20,46.61721420288086
2020-08-21,46.52799606323242
2020-08-24,46.52799606323242
2020-08-25,45.591190338134766
2020-08-26,46.18003845214844
2020-08-27,45.87669372558594
2020-08-28,45.49304962158203
2020-08-31,44.78821563720703
2020-09-01,45.60903549194336
2020-09-02,43.726497650146484
2020-09-03,42.82538604736328
2020-09-04,42.41497802734375
2020-09-08,41.73690414428711
2020-09-09,41.97779846191406
2020-09-10,41.35326385498047
2020-09-11,40.68410873413086
2020-09-14,41.14805603027344
2020-09-15,43.619441986083984
2020-09-16,42.45066452026367
2020-09-17,43.73542022705078
2020-09-18,44.65438461303711
2020-09-21,43.29825210571289
2020-09-22,42.26329803466797
2020-09-23,41.60308074951172
2020-09-24,41.04099655151367
2020-09-25,42.95029067993164
2020-09-28,42.468505859375
2020-09-29,41.99563980102539
2020-09-30,40.639503479003906
2020-10-01,41.48708724975586
2020-10-02,41.335418701171875
2020-10-05,42.29006576538086
2020-10-06,42.7718505859375
2020-10-07,43.17333984375
2020-10-08,43.95846939086914
2020-10-09,43.67296600341797
2020-10-13,43.67296600341797
2020-10-14,42.99489974975586
2020-10-15,43.146575927734375
2020-10-16,45.13616943359375
2020-10-19,44.707916259765625
2020-10-20,45.22538757324219
2020-10-21,44.627620697021484
2020-10-22,46.03728485107422
2020-10-23,45.6893310546875
2020-10-26,45.50197219848633
2020-10-27,44.69899368286133
2020-10-28,43.28932571411133
2020-10-29,44.76144790649414
2020-10-30,44.65438461303711
2020-11-03,47.000858306884766
2020-11-04,46.06405258178711
2020-11-05,45.769630432128906
2020-11-06,44.52055740356445
2020-11-09,43.43207931518555
2020-11-10,42.798622131347656
2020-11-11,43.13764953613281
2020-11-12,43.33393478393555
2020-11-13,46.340633392333984
2020-11-16,47.366661071777344
2020-11-17,45.769630432128906
2020-11-18,45.269996643066406
2020-11-19,44.79713821411133
2020-11-23,45.162933349609375
2020-11-24,44.69899368286133
2020-11-25,45.0826416015625
2020-11-26,47.64323806762695
2020-11-27,49.54361343383789
2020-11-30,50.4090461730957
2020-12-01,51.26555633544922
2020-12-02,48.6960334777832
2020-12-03,46.37632369995117
2020-12-04,47.1079216003418
2020-12-07,47.06330871582031
2020-12-08,47.13469314575195
2020-12-09,46.82242202758789
2020-12-10,45.10048294067383
2020-12-11,45.87669372558594
2020-12-14,46.090816497802734
2020-12-15,47.732460021972656
2020-12-16,48.5086669921875
2020-12-17,49.035064697265625
2020-12-18,50.346588134765625
2020-12-21,49.26704025268555
2020-12-22,51.46183776855469
2020-12-23,50.29306411743164
2020-12-28,50.99789810180664
2020-12-29,51.042503356933594
2020-12-30,52.2291259765625
2021-01-04,52.55923843383789
2021-01-05,52.31834411621094
2021-01-06,51.36369705200195
2021-01-07,55.753299713134766
2021-01-08,56.01203536987305
2021-01-11,54.70050811767578
2021-01-12,54.62913131713867
2021-01-13,53.531734466552734
2021-01-14,53.22838592529297
2021-01-15,54.55775833129883
2021-01-18,56.46705627441406
2021-01-19,58.18006896972656
2021-01-20,58.795684814453125
2021-01-21,58.3763542175293
2021-01-22,57.42170333862305
2021-01-26,59.0633430480957
2021-01-27,55.5391731262207
2021-01-28,56.14586639404297
2021-01-29,55.36073303222656
2021-02-01,57.30571746826172
2021-02-02,56.27969741821289
2021-02-03,56.96668243408203
2021-02-04,57.68936538696289
2021-02-05,59.330997467041016
2021-02-08,58.8581428527832
2021-02-09,59.509437561035156
2021-02-10,60.84772872924805
2021-02-11,63.042545318603516
2021-02-12,63.0960693359375
2021-02-17,64.5860366821289
2021-02-18,66.05815887451172
2021-02-19,66.9414291381836
2021-02-22,68.59198760986328
2021-02-23,68.35110473632812
2021-02-24,67.59273529052734
2021-02-25,66.12062072753906
2021-02-26,65.28193664550781
2021-03-01,66.45964050292969
2021-03-02,65.60313415527344
2021-03-03,65.57637023925781
2021-03-04,65.66558074951172
2021-03-05,67.89607238769531
2021-03-08,67.24478149414062
2021-03-09,70.64404296875
2021-03-10,66.78975677490234
2021-03-11,66.16522216796875
2021-03-12,66.24552154541016
2021-03-15,64.9964370727539
2021-03-16,67.13771057128906
2021-03-17,68.29756927490234
2021-03-18,67.18232727050781
2021-03-19,66.02246856689453
2021-03-22,64.6038818359375
2021-03-23,64.0328598022461
2021-03-24,65.71912384033203
2021-03-25,65.3087158203125
2021-03-26,64.75555419921875
2021-03-29,65.16596221923828
2021-03-30,63.00685119628906
2021-03-31,61.160003662109375
2021-04-01,61.784542083740234
2021-04-05,61.784542083740234
2021-04-06,62.676734924316406
2021-04-07,62.31985092163086
2021-04-08,62.83732986450195
2021-04-09,63.68490982055664
2021-04-12,64.23807525634766
2021-04-13,64.59495544433594
2021-04-14,63.65814208984375
2021-04-15,64.32730102539062
2021-04-16,63.45294189453125
2021-04-19,64.32730102539062
2021-04-20,64.49681091308594
2021-04-22,62.05219268798828
2021-04-23,62.49829864501953
2021-04-26,61.8826789855957
2021-04-27,63.22990036010742
2021-04-28,60.25888442993164
2021-04-29,60.34811019897461
2021-04-30,61.267059326171875
2021-05-03,60.401634216308594
2021-05-04,60.32133865356445
2021-05-05,60.3748664855957
2021-05-06,60.18750762939453
2021-05-07,60.15181350708008
2021-05-10,61.088626861572266
2021-05-11,60.95479202270508
2021-05-12,61.044010162353516
2021-05-13,59.607582092285156
2021-05-14,58.12653732299805
2021-05-17,59.348838806152344
2021-05-18,59.29531478881836
2021-05-19,58.83137512207031
2021-05-20,56.36891174316406
2021-05-21,57.8588752746582
2021-05-24,57.36817169189453
2021-05-25,57.68936538696289
2021-05-26,55.51240158081055
2021-05-27,55.851436614990234
2021-05-28,54.90571212768555
2021-05-31,54.18302917480469
2021-06-01,52.92503356933594
2021-06-02,52.889347076416016
2021-06-04,52.282657623291016
2021-06-07,53.085636138916016
2021-06-08,51.8187141418457
2021-06-09,53.264076232910156
2021-06-10,52.37187957763672
2021-06-11,52.60384750366211
2021-06-14,52.15774917602539
2021-06-15,51.899009704589844
2021-06-16,51.8187141418457
2021-06-17,50.284141540527344
2021-06-18,50.85514831542969
2021-06-21,52.19343948364258
2021-06-22,52.37187957763672
2021-06-23,51.845481872558594
2021-06-24,53.39789962768555
2021-06-25,52.11314010620117
2021-06-28,53.17485046386719
2021-06-29,53.763702392578125
2021-06-30,53.362213134765625
2021-07-01,53.82615661621094
2021-07-02,52.81797409057617
2021-07-05,53.085636138916016
2021-07-06,52.96964645385742
2021-07-07,54.37931823730469
2021-07-08,54.40607833862305
2021-07-12,53.933223724365234
2021-07-13,53.05887222290039
2021-07-14,52.44325256347656
2021-07-15,51.15848922729492
2021-07-16,50.27521896362305
2021-07-19,49.838043212890625
2021-07-20,50.49826431274414
2021-07-21,50.596405029296875
2021-07-22,50.85514831542969
2021-07-23,50.284141540527344
2021-07-26,50.5339469909668
2021-07-27,50.043243408203125
2021-07-28,49.713134765625
2021-07-29,49.73989486694336
2021-07-30,48.24100875854492
2021-08-02,48.64250183105469
2021-08-03,49.02613830566406
2021-08-04,49.15997314453125
2021-08-05,48.687110900878906
2021-08-06,48.44621276855469
2021-08-09,50.29306411743164
2021-08-10,50.70347213745117
2021-08-11,50.4090461730957
2021-08-12,49.70420837402344
2021-08-13,50.685630798339844
2021-08-16,51.48860549926758
2021-08-17,51.122802734375
2021-08-18,50.07893371582031
2021-08-19,49.67744445800781
2021-08-20,50.7213134765625
2021-08-23,51.28339767456055
2021-08-24,52.684146881103516
2021-08-25,55.548091888427734
2021-08-26,55.03954315185547
2021-08-27,55.226905822753906
2021-08-30,54.88786315917969
2021-08-31,54.423927307128906
2021-09-01,54.60236358642578
2021-09-02,54.191959381103516
2021-09-03,55.05738067626953
2021-09-06,54.85218048095703
2021-09-08,55.8425178527832
2021-09-09,55.5391731262207
2021-09-10,54.120574951171875
2021-09-13,53.460350036621094
2021-09-14,53.57633972167969
2021-09-15,51.854400634765625
2021-09-16,48.87446975708008
2021-09-17,46.93840408325195
2021-09-20,45.82316207885742
2021-09-21,46.34955596923828
2021-09-22,48.035804748535156
2021-09-23,49.811275482177734
2021-09-24,49.516849517822266
2021-09-27,49.061832427978516
2021-09-28,47.777069091796875
2021-09-29,48.17855453491211
2021-09-30,48.64250183105469
2021-10-01,46.813499450683594
2021-10-04,45.787479400634766
2021-10-05,44.92204284667969
2021-10-06,44.333194732666016
2021-10-07,44.101226806640625
2021-10-08,43.994163513183594
2021-10-11,44.78821563720703
2021-10-13,45.49304962158203
2021-10-14,44.484867095947266
2021-10-15,45.42167282104492
2021-10-18,44.43133544921875
2021-10-19,43.476688385009766
2021-10-20,43.280399322509766
2021-10-21,43.896018981933594
2021-10-22,47.1079216003418
2021-10-25,45.921302795410156
2021-10-26,45.01126480102539
2021-10-27,43.1644172668457
2021-10-28,43.63727951049805
2021-10-29,43.922786712646484
2021-11-01,43.63727951049805
2021-11-03,44.40457534790039
2021-11-04,43.98523712158203
2021-11-05,44.02984619140625
2021-11-08,44.2707405090332
2021-11-09,43.71757888793945
2021-11-10,43.49453353881836
2021-11-11,45.22538757324219
2021-11-12,45.83208465576172
2021-11-16,47.43803024291992
2021-11-17,46.75996398925781
2021-11-18,46.563682556152344
2021-11-19,47.803836822509766
2021-11-22,46.80457305908203
2021-11-23,47.42911148071289
2021-11-24,48.64250183105469
2021-11-25,48.82986068725586
2021-11-26,48.90123748779297
2021-11-29,49.66852569580078
2021-11-30,50.1057014465332
2021-12-01,51.79195022583008
2021-12-02,51.747344970703125
2021-12-03,50.94436264038086
2021-12-06,51.63135528564453
2021-12-07,52.032840728759766
2021-12-08,52.327266693115234
2021-12-09,51.66704177856445
2021-12-10,52.19343948364258
2021-12-13,51.49752426147461
2021-12-14,51.61351013183594
2021-12-15,52.42540740966797
2021-12-16,53.808311462402344
2021-12-17,54.878944396972656
2021-12-20,53.433589935302734
2021-12-21,53.52280807495117
2021-12-22,53.20161819458008
2021-12-23,53.70124816894531
2021-12-27,53.835079193115234
2021-12-28,53.22838592529297
2021-12-29,52.67522048950195
2021-12-30,53.6298713684082
2022-01-03,53.16593551635742
2022-01-04,54.32578659057617
2022-01-05,53.71017074584961
2022-01-06,53.281917572021484
2022-01-07,52.92503356933594
2022-01-10,52.80012893676758
2022-01-11,53.112396240234375
2022-01-12,54.97708511352539
2022-01-13,55.78898620605469
2022-01-14,56.003108978271484
2022-01-17,55.3428840637207
2022-01-18,56.07448959350586
2022-01-19,55.84080505371094
2022-01-20,54.4504280090332
2022-01-21,53.800384521484375
2022-01-24,52.5634880065918
2022-01-25,51.200191497802734
2022-01-26,50.23414993286133
2022-01-27,52.8072509765625
2022-01-28,53.53855514526367
2022-01-31,53.448272705078125
2022-02-01,53.845523834228516
2022-02-02,53.511470794677734
2022-02-03,53.33089828491211
2022-02-04,54.69419860839844
2022-02-07,54.667110443115234
2022-02-08,54.58584976196289
2022-02-09,54.712249755859375
2022-02-10,52.689884185791016
2022-02-11,52.112064361572266
2022-02-14,52.689884185791016
2022-02-15,51.70578384399414
2022-02-16,51.71480941772461
2022-02-17,52.28360366821289
2022-02-18,51.49813461303711
2022-02-21,51.39881896972656
2022-02-22,51.4259033203125
2022-02-23,48.28401184082031
2022-02-24,48.69028854370117
2022-02-25,49.71953201293945
2022-03-02,49.656333923339844
2022-03-03,48.50972366333008
2022-03-04,51.75995635986328
2022-03-07,52.43708801269531
2022-03-08,52.31068801879883
2022-03-09,53.33993148803711
2022-03-10,54.91990280151367
2022-03-11,55.14561462402344
2022-03-14,54.008033752441406
2022-03-15,52.870452880859375
2022-03-16,54.72127914428711
2022-03-17,55.60606384277344
2022-03-18,58.007625579833984
2022-03-21,55.858856201171875
2022-03-22,55.31715393066406
2022-03-23,53.99900436401367
2022-03-24,54.50459671020508
2022-03-25,51.23630905151367
2022-03-28,51.9134407043457
2022-03-29,51.191165924072266
2022-03-30,51.615501403808594
2022-03-31,49.7917594909668
2022-04-01,48.943084716796875
2022-04-04,48.86183166503906
2022-04-05,48.90697479248047
2022-04-06,49.96329879760742
2022-04-07,49.17782974243164
2022-04-08,49.20491027832031
2022-04-11,48.92502975463867
2022-04-12,48.30207061767578
2022-04-13,48.56389617919922
2022-04-14,48.40138244628906
2022-04-18,47.038089752197266
2022-04-19,47.39019775390625
2022-04-20,46.938777923583984
2022-04-22,46.5595817565918
2022-04-25,46.72209548950195
2022-04-26,45.77410888671875
2022-04-27,45.68382263183594
2022-04-28,46.02690887451172
2022-04-29,44.790016174316406
2022-05-02,46.1081657409668
2022-05-03,46.279701232910156
2022-05-04,46.91168975830078
2022-05-05,48.17455291748047
2022-05-06,47.30695343017578
2022-05-09,46.00099182128906
2022-05-10,44.79548263549805
2022-05-11,44.96900939941406
2022-05-12,44.521507263183594
2022-05-13,47.106040954589844
2022-05-16,46.88685607910156
2022-05-17,48.046695709228516
2022-05-18,46.5032844543457
2022-05-19,46.34803009033203
2022-05-20,46.89598846435547
2022-05-23,47.57180404663086
2022-05-24,47.608333587646484
2022-05-25,46.7498664855957
2022-05-26,48.69511413574219
2022-05-27,48.93256378173828
2022-05-30,49.0056266784668
2022-05-31,48.859500885009766
2022-06-01,49.11521530151367
2022-06-02,49.33439636230469
2022-06-03,48.24761962890625
2022-06-06,48.77730941772461
2022-06-07,49.58097839355469
2022-06-08,48.010169982910156
2022-06-09,47.35261535644531
2022-06-10,47.20649719238281
2022-06-13,47.53527069091797
2022-06-14,46.3023681640625
2022-06-15,45.76354217529297
2022-06-17,44.83201599121094
2022-06-20,44.75895309448242
2022-06-21,44.41191864013672
2022-06-22,43.03289031982422
2022-06-23,41.6721305847168
2022-06-24,43.6995735168457
2022-06-27,44.64023208618164
2022-06-28,45.14252853393555
2022-06-29,44.61283493041992
2022-06-30,45.379974365234375
2022-07-01,46.07405471801758
2022-07-04,46.00099182128906
2022-07-05,44.65849685668945
2022-07-06,45.051204681396484
2022-07-07,44.740692138671875
2022-07-08,43.46212387084961
2022-07-11,43.52605056762695
2022-07-12,43.471256256103516
2022-07-13,42.24748611450195
2022-07-14,41.09677505493164
2022-07-15,40.128719329833984
2022-07-18,39.964332580566406
2022-07-19,41.96437454223633
2022-07-20,41.09677505493164
2022-07-21,41.6812629699707
2022-07-22,42.84110641479492
2022-07-25,42.13789749145508
2022-07-26,41.57167434692383
2022-07-27,42.78630828857422
2022-07-28,42.87763977050781
2022-07-29,44.101409912109375
2022-08-01,43.35253143310547
2022-08-02,43.70870590209961
2022-08-03,43.22467803955078
2022-08-04,43.08769226074219
2022-08-05,43.644779205322266
2022-08-08,44.36625671386719
2022-08-09,44.81374740600586
2022-08-10,44.76808547973633
2022-08-11,45.16079330444336
2022-08-12,45.81834030151367
2022-08-15,44.631099700927734
2022-08-16,45.58089065551758
2022-08-17,46.57634735107422
2022-08-18,46.2475700378418
2022-08-19,45.63568878173828
2022-08-22,44.50324630737305
2022-08-23,45.21558380126953
2022-08-24,43.75436782836914
2022-08-25,43.21554183959961
2022-08-26,41.416419982910156
2022-08-29,41.36162567138672
2022-08-30,41.197235107421875
2022-08-31,40.42095947265625
2022-09-01,40.18351364135742
2022-09-02,39.745147705078125
2022-09-05,40.85019302368164
2022-09-06,41.07851028442383
2022-09-08,40.165245056152344
2022-09-09,41.197235107421875
2022-09-12,41.443817138671875
2022-09-13,40.47575759887695
2022-09-14,40.61275100708008
2022-09-15,40.028263092041016
2022-09-16,39.82734298706055
2022-09-19,40.311370849609375
2022-09-20,40.21091079711914
2022-09-21,39.562496185302734
2022-09-22,40.338768005371094
2022-09-23,38.85015106201172
2022-09-26,38.77709197998047
2022-09-27,39.57162857055664
2022-09-28,39.72688674926758
2022-09-29,39.48030090332031
2022-09-30,40.6401481628418
2022-10-03,41.471214294433594
2022-10-04,41.79998779296875
2022-10-05,42.86850357055664
2022-10-06,42.70411682128906
2022-10-07,42.3662109375
2022-10-10,44.064876556396484
2022-10-11,43.4986572265625
2022-10-13,43.644779205322266
2022-10-14,43.644779205322266
2022-10-17,45.14252853393555
2022-10-18,45.352577209472656
2022-10-19,44.950740814208984
2022-10-20,45.29777908325195
2022-10-21,45.379974365234375
2022-10-24,46.95991516113281
2022-10-25,47.517005920410156
2022-10-26,48.22021484375
2022-10-27,48.51245880126953
2022-10-28,50.32985305786133
2022-10-31,48.58552169799805
2022-11-01,48.28414535522461
2022-11-03,49.24306869506836
2022-11-04,49.75449752807617
2022-11-07,50.21112823486328
2022-11-08,50.64036178588867
2022-11-09,50.338985443115234
2022-11-10,51.48969650268555
2022-11-11,53.19749450683594
2022-11-14,52.73173141479492
2022-11-16,53.51713562011719
2022-11-17,52.91438293457031
2022-11-18,52.57647705078125
2022-11-21,51.0695915222168
2022-11-22,51.21571731567383
2022-11-23,50.8778076171875
2022-11-24,51.09699249267578
2022-11-25,50.17459487915039
2022-11-28,50.17459487915039
2022-11-29,48.68598175048828
2022-11-30,48.539859771728516
2022-12-01,48.55812072753906
2022-12-02,46.92338943481445
2022-12-05,47.95536804199219
2022-12-06,48.67684555053711
2022-12-07,48.44853210449219
2022-12-08,48.49419021606445
2022-12-09,50.22026062011719
2022-12-12,50.12893295288086
2022-12-13,46.905120849609375
2022-12-14,47.94623947143555
2022-12-15,47.27956008911133
2022-12-16,46.96904754638672
2022-12-19,46.207088470458984
2022-12-20,45.93266296386719
2022-12-21,45.80964279174805
2022-12-22,45.55414581298828
2022-12-23,44.323978424072266
2022-12-26,43.69942855834961
2022-12-27,44.948524475097656
2022-12-28,45.54468536376953
2022-12-29,45.64877700805664
2023-01-02,46.34902572631836
2023-01-03,47.17229080200195
2023-01-04,47.26692199707031
2023-01-05,47.56026840209961
2023-01-06,47.2574577331543
2023-01-09,47.8914680480957
2023-01-10,47.295310974121094
2023-01-11,46.604522705078125
2023-01-12,47.56026840209961
2023-01-13,47.72114181518555
2023-01-16,47.8914680480957
2023-01-17,48.46870803833008
2023-01-18,47.18175506591797
2023-01-19,46.68968963623047
2023-01-20,44.60786437988281
2023-01-23,44.456459045410156
2023-01-24,44.957984924316406
2023-01-25,44.25773620605469
2023-01-26,42.96133041381836
2023-01-27,42.65851593017578
2023-01-30,43.79405975341797
2023-01-31,43.8697624206543
2023-02-01,44.23881149291992
2023-02-02,42.60173797607422
2023-02-03,43.82244873046875
2023-02-06,43.49124526977539
2023-02-07,43.58587646484375
2023-02-08,43.48178482055664
2023-02-09,43.812984466552734
2023-02-10,43.90761184692383
2023-02-13,44.200958251953125
2023-02-14,44.428070068359375
2023-02-15,45.59199905395508
2023-02-16,45.194557189941406
2023-02-17,44.437530517578125
2023-02-22,43.566951751708984
2023-02-23,43.671043395996094
2023-02-24,43.671043395996094
2023-02-27,43.85083770751953
2023-02-28,45.175636291503906
2023-03-01,44.25773620605469
2023-03-02,44.191497802734375
2023-03-03,45.610923767089844
2023-03-06,45.21348571777344
2023-03-07,45.185096740722656
2023-03-08,44.891746520996094
2023-03-09,43.97385025024414
2023-03-10,42.649051666259766
2023-03-13,42.18537521362305
2023-03-14,42.55442428588867
2023-03-15,41.84471130371094
2023-03-16,41.62706756591797
2023-03-17,41.24855422973633
2023-03-20,40.90788650512695
2023-03-21,40.6429328918457
2023-03-22,40.576690673828125
2023-03-23,39.971065521240234
2023-03-24,40.340118408203125
2023-03-27,39.7344970703125
2023-03-28,40.008914947509766
2023-03-29,40.7564811706543
2023-03-30,40.73755645751953
2023-03-31,39.36544418334961
2023-04-03,40.444210052490234
2023-04-04,40.075157165527344
2023-04-05,38.77874755859375
2023-04-06,38.192054748535156
2023-04-10,38.930152893066406
2023-04-11,40.2644157409668
2023-04-12,39.9332160949707
2023-04-13,39.091026306152344
2023-04-14,38.31507110595703
2023-04-17,38.28668212890625
2023-04-18,38.95854187011719
2023-04-19,38.97746658325195
2023-04-20,38.135276794433594
2023-04-24,37.53911590576172
2023-04-25,36.71584701538086
2023-04-26,36.20485305786133
2023-04-27,35.95882034301758
2023-04-28,37.66212844848633
2023-05-02,38.4948616027832
2023-05-03,37.94601821899414
2023-05-04,37.47287368774414
2023-05-05,39.374908447265625
2023-05-08,39.620941162109375
2023-05-09,39.270816802978516
2023-05-10,39.45060729980469
2023-05-11,39.33705520629883
2023-05-12,40.16032028198242
2023-05-15,40.605079650878906
2023-05-16,41.36210632324219
2023-05-17,41.38103103637695
2023-05-18,42.91401290893555
2023-05-19,42.98025131225586
2023-05-22,42.753143310546875
2023-05-23,43.3966178894043
2023-05-24,42.19483947753906
2023-05-25,41.75008010864258
2023-05-26,42.91401290893555
2023-05-29,42.94240188598633
2023-05-30,42.69636535644531
2023-05-31,42.37462615966797
2023-06-01,42.58281326293945
2023-06-02,43.92653274536133
2023-06-05,44.295589447021484
2023-06-06,44.41860580444336
2023-06-07,43.368228912353516
2023-06-09,42.8099250793457
2023-06-12,44.191497802734375
2023-06-13,44.52269744873047
2023-06-14,44.14418411254883
2023-06-15,45.743404388427734
2023-06-16,45.70555114746094
2023-06-19,45.13778305053711
2023-06-20,44.891746520996094
2023-06-21,43.983314514160156
2023-06-22,43.3966178894043
2023-06-23,43.472320556640625
2023-06-26,43.1600456237793
2023-06-27,42.4314079284668
2023-06-28,41.797393798828125
2023-06-29,41.683841705322266
2023-06-30,41.84471130371094
2023-07-03,41.84471130371094
2023-07-04,42.32731246948242
2023-07-05,42.06235885620117
2023-07-06,41.74061965942383
2023-07-07,42.11913299560547
2023-07-10,41.664913177490234
2023-07-11,41.683841705322266
2023-07-12,41.80685806274414
2023-07-13,41.98665237426758
2023-07-14,42.156986236572266
2023-07-17,42.015045166015625
2023-07-18,42.17591094970703
2023-07-19,41.1349983215332
2023-07-20,41.30533218383789
2023-07-21,41.69330596923828
2023-07-24,42.60173797607422
2023-07-25,42.80045700073242
2023-07-26,43.97385025024414
2023-07-27,44.664642333984375
2023-07-28,44.674102783203125
2023-07-31,45.4879035949707
2023-08-01,45.78125762939453
2023-08-02,45.31757736206055
2023-08-03,46.973575592041016
2023-08-04,47.56973648071289
2023-08-07,47.80630874633789
2023-08-08,47.07766342163086
2023-08-09,46.65183639526367
2023-08-10,46.69915008544922
2023-08-11,47.47510528564453
2023-08-14,48.184818267822266
2023-08-15,47.352088928222656
2023-08-16,47.229068756103516
2023-08-17,47.692752838134766
2023-08-18,47.95771026611328
2023-08-21,47.38994216918945
2023-08-22,47.17229080200195
2023-08-23,46.82217025756836
2023-08-24,46.69915008544922
2023-08-25,47.219608306884766
2023-08-28,47.598121643066406
2023-08-29,48.4024658203125
2023-08-30,48.09965515136719
2023-08-31,47.456180572509766
2023-09-01,48.35514831542969
2023-09-04,48.23213577270508
2023-09-05,47.948246002197266
2023-09-06,47.18175506591797
2023-09-08,46.17869567871094
2023-09-11,47.285850524902344
2023-09-12,47.56973648071289
2023-09-13,47.55080795288086
2023-09-14,48.47816848754883
2023-09-15,49.708335876464844
2023-09-18,49.254119873046875
2023-09-19,49.944908142089844
2023-09-20,51.941566467285156
2023-09-21,53.001407623291016
2023-09-22,52.405250549316406
2023-09-25,52.244380950927734
2023-09-26,51.440040588378906
2023-09-27,51.16561508178711
2023-09-28,50.93851089477539
2023-09-29,51.36433410644531
2023-10-02,51.307559967041016
2023-10-03,52.31061935424805
2023-10-04,52.045658111572266
2023-10-05,52.29169464111328
2023-10-06,53.18120574951172
2023-10-09,53.65434646606445
2023-10-10,53.41777420043945
2023-10-11,53.607032775878906
2023-10-13,55.41443634033203
2023-10-16,54.288352966308594
2023-10-17,54.38298416137695
2023-10-18,53.067649841308594
2023-10-19,52.973018646240234
2023-10-20,51.95103073120117
2023-10-23,51.47789001464844
2023-10-24,49.68940734863281
2023-10-25,49.774574279785156
2023-10-26,49.87866973876953
2023-10-27,49.131103515625
2023-10-30,48.875606536865234
2023-10-31,48.799903869628906
2023-11-01,48.68634796142578
2023-11-03,48.41192626953125
2023-11-06,49.10271453857422
2023-11-07,49.26358413696289
2023-11-08,50.61677169799805
2023-11-09,50.559993743896484
2023-11-10,51.70499801635742
2023-11-13,51.194000244140625
2023-11-14,49.67994689941406
2023-11-16,50.5316047668457
2023-11-17,50.0963134765625
2023-11-20,50.05846405029297
2023-11-21,50.1341667175293
2023-11-22,50.559993743896484
2023-11-23,50.910118103027344
2023-11-24,50.59784698486328
2023-11-27,50.8628044128418
2023-11-28,50.48428726196289
2023-11-29,51.33594512939453
2023-11-30,50.89119338989258
2023-12-01,48.97969436645508
2023-12-04,49.008087158203125
2023-12-05,48.68634796142578
2023-12-06,48.32676315307617
2023-12-07,48.17535400390625
2023-12-08,49.16640853881836
2023-12-11,49.77650833129883
2023-12-12,49.35040283203125
2023-12-13,50.2122917175293
2023-12-14,50.75460433959961
2023-12-15,50.96765899658203
2023-12-18,50.89018249511719
2023-12-19,51.29692077636719
2023-12-20,52.19754409790039
2023-12-21,52.73017120361328
2023-12-22,53.20469284057617
2023-12-26,53.475852966308594
2023-12-27,53.79542541503906
2023-12-28,53.872901916503906
2024-01-02,53.39837646484375
2024-01-03,53.698585510253906
2024-01-04,52.8851203918457
2024-01-05,52.342803955078125
2024-01-08,53.020694732666016
2024-01-09,52.37186050415039
2024-01-10,52.071651458740234
2024-01-11,52.44933319091797
2024-01-12,51.88765335083008
2024-01-15,52.158809661865234
2024-01-16,51.248497009277344
2024-01-17,51.03544616699219
2024-01-18,49.902400970458984
2024-01-19,50.16387176513672
2024-01-22,50.03797912597656
2024-01-23,50.45439529418945
2024-01-24,50.23166275024414
2024-01-25,50.2122917175293
2024-01-26,51.23881530761719
2024-01-29,49.195457458496094
2024-01-30,50.45439529418945
2024-01-31,49.989559173583984
2024-02-01,49.48598098754883
2024-02-02,49.71840286254883
2024-02-05,50.11545181274414
2024-02-06,52.013545989990234
2024-02-07,52.00386047363281
2024-02-08,51.761756896972656
2024-02-09,51.03544616699219
2024-02-14,50.59965896606445
2024-02-15,50.68681716918945
2024-02-16,51.3743896484375
2024-02-19,51.364707946777344
2024-02-20,52.16849136352539
2024-02-21,53.52427291870117
2024-02-22,53.979427337646484
2024-02-23,53.52427291870117
2024-02-26,54.3474235534668
2024-02-27,55.02531433105469
2024-02-28,55.567626953125
2024-02-29,54.570159912109375
2024-03-01,55.67415237426758
2024-03-04,56.60383224487305
2024-03-05,56.72003936767578
2024-03-06,56.448883056640625
2024-03-07,56.96214294433594
2024-03-08,57.28172302246094
2024-03-11,56.72003936767578
2024-03-12,57.242984771728516
2024-03-13,57.55287551879883
2024-03-14,57.62066650390625
2024-03-15,58.87960433959961
2024-03-18,59.121707916259766
2024-03-19,60.86485290527344
2024-03-20,60.09980773925781
2024-03-21,60.080440521240234
2024-03-22,60.18696594238281
2024-03-25,59.673702239990234
2024-03-26,60.98106384277344
2024-03-27,61.784847259521484
2024-03-28,61.959163665771484
2024-04-01,62.84041976928711
2024-04-02,63.16968536376953
2024-04-03,62.55957794189453
2024-04-04,61.86232376098633
2024-04-05,60.82611846923828
2024-04-08,60.62274932861328
2024-04-09,60.32254409790039
2024-04-10,59.80928039550781
2024-04-11,59.27665328979492
2024-04-12,59.266971588134766
2024-04-15,59.121707916259766
2024-04-16,59.4122314453125
2024-04-17,58.88928985595703
2024-04-18,58.83118438720703
2024-04-19,59.27665328979492
2024-04-22,58.63750076293945
2024-04-23,58.2210807800293
2024-04-24,58.647186279296875
2024-04-25,58.008033752441406
2024-04-26,57.69813919067383
2024-04-29,57.03961944580078
2024-04-30,56.6135139465332
2024-05-02,57.146141052246094
2024-05-03,57.30108642578125
2024-05-06,57.601295471191406
2024-05-07,50.5318717956543
2024-05-08,50.667449951171875
2024-05-09,51.03544616699219
2024-05-10,50.06703186035156
2024-05-13,49.09861755371094
2024-05-14,48.28514862060547
2024-05-15,48.94367218017578
2024-05-16,50.05734634399414
2024-05-17,49.824928283691406
2024-05-20,49.43756103515625
2024-05-21,47.59757614135742
2024-05-22,46.79378890991211
2024-05-23,48.5175666809082
2024-05-24,47.39420700073242
2024-05-27,47.45231246948242
2024-05-28,47.529788970947266
2024-05-29,47.72346878051758
2024-05-31,47.16178894042969
2024-06-03,45.62200927734375
2024-06-04,45.418643951416016
2024-06-05,45.16685485839844
2024-06-06,46.82284164428711
2024-06-07,47.11336898803711
2024-06-10,48.12051773071289
2024-06-11,47.37483596801758
2024-06-12,47.45231246948242
2024-06-13,47.229576110839844
2024-06-14,47.42325973510742
2024-06-17,46.977787017822266
2024-06-18,46.77442169189453
2024-06-19,47.19084167480469
2024-06-20,46.6291618347168
2024-06-21,47.30704879760742
2024-06-24,48.062416076660156
2024-06-25,48.13020324707031
2024-06-26,49.205142974853516
2024-06-27,55.19963073730469
2024-06-28,55.209312438964844
2024-07-01,55.8291015625
2024-07-02,55.780677795410156
2024-07-03,55.52888870239258
2024-07-04,55.19963073730469
2024-07-05,53.020694732666016
2024-07-08,51.539024353027344
2024-07-09,51.16134262084961
2024-07-10,50.79334259033203
2024-07-11,51.335655212402344
2024-07-12,50.64807891845703
2024-07-15,52.488067626953125
2024-07-16,52.44933319091797
2024-07-17,52.459014892578125
2024-07-18,52.17817687988281
2024-07-19,51.90701675415039
2024-07-22,51.59712600708008
2024-07-23,51.432498931884766
2024-07-24,51.35502243041992
2024-07-25,50.812713623046875
2024-07-26,50.15419006347656
2024-07-29,51.112918853759766
2024-07-30,51.732704162597656
2024-07-31,52.158809661865234
2024-08-01,52.10070037841797
2024-08-02,51.32596969604492
2024-08-05,51.35502243041992
2024-08-06,50.25102996826172
2024-08-07,50.551239013671875
2024-08-08,51.90701675415039
2024-08-09,52.77859115600586
2024-08-12,52.67206573486328
2024-08-13,52.81732940673828
2024-08-14,52.97227478027344
2024-08-15,51.88765335083008
2024-08-16,52.691436767578125
2024-08-19,53.301536560058594
2024-08-20,54.10531997680664
2024-08-21,54.67668533325195
2024-08-22,54.628265380859375
2024-08-23,54.30868911743164
2024-08-26,53.43711471557617
2024-08-27,53.863216400146484
2024-08-28,54.30868911743164
2024-08-29,53.747005462646484
2024-08-30,53.26279830932617
2024-09-02,53.34995651245117
2024-09-03,52.86574935913086
2024-09-04,53.63079833984375
2024-09-05,53.53395462036133
2024-09-06,52.6526985168457
2024-09-09,52.41059494018555
2024-09-10,53.45648193359375
2024-09-11,53.37900924682617
2024-09-12,52.67206573486328
2024-09-13,52.575225830078125
2024-09-16,51.345340728759766
2024-09-17,51.6068115234375
2024-09-18,50.938602447509766
2024-09-19,50.90955352783203
2024-09-20,50.68681716918945
2024-09-23,50.018611907958984
2024-09-24,51.335655212402344
2024-09-25,50.51250076293945
2024-09-26,52.52680587768555
2024-09-27,52.662384033203125
2024-09-30,52.72048568725586
2024-10-01,53.156272888183594
2024-10-02,53.35963821411133
2024-10-03,53.11753463745117
2024-10-04,53.98910903930664
2024-10-07,54.02784729003906
2024-10-08,53.94068908691406
2024-10-09,52.662384033203125
2024-10-10,52.42028045654297
2024-10-11,52.488067626953125
2024-10-14,52.962589263916016
2024-10-15,52.99164581298828
2024-10-16,52.7398567199707
2024-10-17,53.272483825683594
2024-10-18,54.008480072021484
2024-10-21,54.4926872253418
2024-10-22,55.76131057739258
2024-10-23,55.73225784301758
2024-10-24,55.586997985839844
2024-10-25,57.13645935058594
2024-10-28,57.465721130371094
2024-10-29,57.67877197265625
2024-10-30,58.4825553894043
2024-10-31,57.882137298583984
2024-11-01,58.095191955566406
2024-11-04,58.07582092285156
2024-11-05,58.589080810546875
2024-11-06,57.62066650390625
2024-11-07,57.029930114746094
2024-11-08,56.55541229248047
2024-11-11,56.332672119140625
2024-11-12,57.50445556640625
2024-11-13,57.862770080566406
2024-11-14,58.63750076293945
2024-11-18,58.80213165283203
2024-11-19,58.49224090576172
2024-11-21,58.86992263793945
2024-11-22,58.78276443481445
2024-11-25,58.008033752441406
2024-11-26,57.42698287963867
2024-11-27,57.85308837890625
2024-11-28,59.586544036865234
2024-11-29,60.42906951904297
2024-12-02,60.13854217529297
2024-12-03,61.397483825683594
2024-12-04,62.99536895751953
2024-12-05,63.043785095214844
2024-12-06,63.363365173339844
2024-12-09,64.54483032226562
2024-12-10,62.56926345825195
2024-12-11,62.07537078857422
2024-12-12,61.01011657714844
2024-12-13,60.44843292236328
2024-12-16,61.85263442993164
2024-12-17,62.15999984741211
2024-12-18,61.61000061035156
2024-12-19,60.70000076293945
2024-12-20,59.619998931884766
2024-12-23,61.2400016784668
2024-12-26,61.939998626708984
2024-12-27,61.59000015258789
2024-12-30,61.779998779296875
2025-01-02,62.400001525878906
2025-01-03,62.68000030517578
2025-01-06,62.45000076293945
2025-01-07,62.02000045776367
2025-01-08,61.79999923706055
2025-01-09,61.470001220703125
2025-01-10,61.439998626708984
2025-01-13,62.08000183105469
2025-01-14,60.93000030517578
2025-01-15,61.09000015258789
2025-01-16,60.36000061035156
2025-01-17,62.279998779296875
2025-01-20,61.79999923706055
2025-01-21,62.400001525878906
2025-01-22,61.400001525878906
2025-01-23,62.75
2025-01-24,62.7599983215332
2025-01-27,63.09000015258789
2025-01-28,62.7599983215332
2025-01-29,62.20000076293945
2025-01-30,62.36000061035156
2025-01-31,62.369998931884766
2025-02-03,62.45000076293945
2025-02-04,59.91999816894531
2025-02-05,59.689998626708984
2025-02-06,60.09000015258789
2025-02-07,59.52000045776367
2025-02-10,59.349998474121094
2025-02-11,58.93000030517578
2025-02-12,57.970001220703125
2025-02-13,59.22999954223633
2025-02-14,58.849998474121094
2025-02-17,57.810001373291016
2025-02-18,57.70000076293945
2025-02-19,58.06999969482422
2025-02-20,57.66999816894531
2025-02-21,57.5
2025-02-24,57.029998779296875
2025-02-25,56.84000015258789
2025-02-26,57.040000915527344
2025-02-27,57.16999816894531
2025-02-28,56.310001373291016
2025-03-05,55.369998931884766
2025-03-06,55.15999984741211
2025-03-07,55.34000015258789
2025-03-10,55.59000015258789
2025-03-11,55.130001068115234
2025-03-12,54.75
2025-03-13,54.310001373291016
2025-03-14,54.13999938964844
2025-03-17,54.599998474121094
2025-03-18,55.0099983215332
2025-03-19,54.849998474121094
2025-03-20,55.84000015258789
2025-03-21,54.349998474121094
2025-03-24,54.130001068115234
2025-03-25,53.40999984741211
2025-03-26,53.52000045776367
2025-03-27,53.900001525878906
2025-03-28,53.20000076293945
2025-03-31,52.939998626708984
2025-04-01,53.400001525878906
2025-04-02,53.439998626708984
2025-04-03,51.06999969482422
2025-04-04,50.900001525878906
2025-04-07,50.5
2025-04-08,50.709999084472656
2025-04-09,52.2400016784668
2025-04-10,52.2400016784668
2025-04-11,51.63999938964844
2025-04-14,52.40999984741211
2025-04-15,51.95000076293945
2025-04-16,51.86000061035156
2025-04-17,51.84000015258789
2025-04-22,51.83000183105469
2025-04-23,52.439998626708984
2025-04-24,52.25
2025-04-25,51.279998779296875
2025-04-28,50.849998474121094
2025-04-29,50.36000061035156
2025-04-30,50.08000183105469
2025-05-02,50.650001525878906
2025-05-05,50.5
2025-05-06,50.439998626708984
2025-05-07,51.2400016784668
2025-05-08,51.470001220703125
2025-05-09,50.09000015258789
2025-05-12,52.25
2025-05-13,53.04999923706055
2025-05-14,53.0099983215332
2025-05-15,53.81999969482422
2025-05-16,53.66999816894531
2025-05-19,53.189998626708984
2025-05-20,53.02000045776367
2025-05-21,53.209999084472656
2025-05-22,53.189998626708984
2025-05-23,52.959999084472656
2025-05-26,52.7599983215332
2025-05-27,51.310001373291016
2025-05-28,51.060001373291016
2025-05-29,50.58000183105469
2025-05-30,49.650001525878906
2025-06-02,49.58000183105469
2025-06-03,50.400001525878906
2025-06-04,49.7599983215332
2025-06-05,52.900001525878906
2025-06-06,53.41999816894531
2025-06-09,53.56999969482422
2025-06-10,53.290000915527344
2025-06-11,52.97999954223633
2025-06-12,52.95000076293945
2025-06-13,54.11000061035156
2025-06-16,54.25
2025-06-17,52.63999938964844
2025-06-18,52.810001373291016
2025-06-20,51.869998931884766
2025-06-23,51.75
2025-06-24,51.849998474121094
2025-06-25,51.4900016784668
2025-06-26,51.61000061035156
2025-06-27,51.150001525878906
2025-06-30,51.209999084472656
2025-07-01,50.84000015258789
2025-07-02,51.709999084472656
2025-07-03,52.060001373291016
2025-07-04,51.95000076293945
2025-07-07,51.0099983215332
2025-07-08,50.93000030517578
2025-07-09,50.0
2025-07-10,49.849998474121094
2025-07-11,49.900001525878906
2025-07-14,49.95000076293945
2025-07-15,50.5
2025-07-16,50.52000045776367
2025-07-17,50.5
2025-07-18,50.61000061035156
2025-07-21,51.0
2025-07-22,51.2599983215332
2025-07-23,51.75
2025-07-24,51.5
2025-07-25,52.56999969482422
2025-07-28,52.150001525878906
2025-07-29,51.849998474121094
2025-07-30,52.18000030517578
2025-07-31,52.150001525878906
2025-08-01,51.7400016784668
2025-08-04,50.77000045776367
2025-08-05,50.970001220703125
2025-08-06,51.619998931884766
2025-08-07,54.13999938964844
2025-08-08,54.58000183105469
2025-08-11,54.08000183105469
2025-08-12,54.09000015258789
2025-08-13,53.86000061035156
2025-08-14,53.90999984741211
2025-08-15,53.33000183105469
2025-08-18,52.599998474121094
2025-08-19,53.0099983215332
2025-08-20,52.4900016784668
2025-08-21,52.29999923706055
2025-08-22,53.7599983215332
2025-08-25,53.40999984741211
2025-08-26,52.61000061035156
2025-08-27,52.97999954223633
2025-08-28,52.83000183105469
2025-08-29,52.45000076293945
2025-09-01,52.54999923706055
2025-09-02,52.2599983215332
2025-09-03,51.970001220703125
2025-09-04,51.66999816894531
2025-09-05,51.9900016784668
2025-09-08,51.599998474121094
2025-09-09,51.90999984741211
2025-09-10,50.79999923706055
2025-09-11,51.54999923706055
2025-09-12,50.43000030517578
2025-09-15,50.5
2025-09-16,50.68000030517578
2025-09-17,50.900001525878906
2025-09-18,50.72999954223633
2025-09-19,50.5
2025-09-22,50.349998474121094
2025-09-23,50.130001068115234
2025-09-24,49.95000076293945
2025-09-25,50.2400016784668
2025-09-26,49.45000076293945
2025-09-29,49.16999816894531
2025-09-30,49.900001525878906
2025-10-01,49.88999938964844
2025-10-02,50.099998474121094
2025-10-03,50.70000076293945
2025-10-06,49.5
2025-10-07,48.88999938964844
2025-10-08,47.83000183105469
2025-10-09,47.689998626708984
2025-10-10,48.189998626708984
2025-10-13,48.209999084472656
2025-10-14,47.9900016784668
2025-10-15,47.630001068115234
2025-10-16,47.79999923706055
2025-10-17,47.630001068115234
2025-10-20,47.709999084472656
2025-10-21,47.47999954223633
2025-10-22,48.220001220703125
2025-10-23,48.66999816894531
2025-10-24,49.099998474121094
